"repository","repo_url","release_tag","release_url","release_published_at","consensus_project_type","type_agreement","consensus_real_delivery","delivery_agreement","consensus_is_corrective","corrective_agreement","luis_corrective","leandro_corrective","isabella_corrective","notes"
"cli/cli","https://github.com/cli/cli","v1.1.0","https://github.com/cli/cli/releases/tag/v1.1.0","2024-03-15T12:00:00Z","ferramenta cli","unanimous","sim","unanimous","sim","majority","nao","sim","sim",""
"cli/cli","https://github.com/cli/cli","v1.2.0","https://github.com/cli/cli/releases/tag/v1.2.0","2024-04-15T12:00:00Z","ferramenta cli","unanimous","sim","unanimous","sim","unanimous","sim","sim","sim",""
"cli/cli","https://github.com/cli/cli","v1.3.0","https://github.com/cli/cli/releases/tag/v1.3.0","2024-05-15T12:00:00Z","ferramenta cli","unanimous","sim","unanimous","sim","unanimous","sim","sim","sim",""
"cli/cli","https://github.com/cli/cli","v1.4.0","https://github.com/cli/cli/releases/tag/v1.4.0","2024-06-15T12:00:00Z","ferramenta cli","unanimous","sim","unanimous","nao","unanimous","nao","nao","nao",""
"cli/cli","https://github.com/cli/cli","v1.5.0","https://github.com/cli/cli/releases/tag/v1.5.0","2024-07-15T12:00:00Z","ferramenta cli","unanimous","sim","unanimous","sim","unanimous","sim","sim","sim",""
"pytest-dev/pytest","https://github.com/pytest-dev/pytest","v1.1.0","https://github.com/pytest-dev/pytest/releases/tag/v1.1.0","2024-03-15T12:00:00Z","biblioteca/framework","unanimous","sim","unanimous","nao","unanimous","nao","nao","nao",""
"pytest-dev/pytest","https://github.com/pytest-dev/pytest","v1.2.0","https://github.com/pytest-dev/pytest/releases/tag/v1.2.0","2024-04-15T12:00:00Z","biblioteca/framework","unanimous","sim","unanimous","nao","unanimous","nao","nao","nao",""
"pytest-dev/pytest","https://github.com/pytest-dev/pytest","v1.3.0","https://github.com/pytest-dev/pytest/releases/tag/v1.3.0","2024-05-15T12:00:00Z","biblioteca/framework","unanimous","sim","unanimous","sim","unanimous","sim","sim","sim",""
"pytest-dev/pytest","https://github.com/pytest-dev/pytest","v1.4.0","https://github.com/pytest-dev/pytest/releases/tag/v1.4.0","2024-06-15T12:00:00Z","biblioteca/framework","unanimous","sim","unanimous","nao","unanimous","nao","nao","nao",""
"pytest-dev/pytest","https://github.com/pytest-dev/pytest","v1.5.0","https://github.com/pytest-dev/pytest/releases/tag/v1.5.0","2024-07-15T12:00:00Z","biblioteca/framework","unanimous","sim","unanimous","nao","unanimous","nao","nao","nao",""
"facebook/docusaurus","https://github.com/facebook/docusaurus","v1.1.0","https://github.com/facebook/docusaurus/releases/tag/v1.1.0","2024-03-15T12:00:00Z","biblioteca/framework","majority","sim","unanimous","sim","unanimous","sim","sim","sim",""
"facebook/docusaurus","https://github.com/facebook/docusaurus","v1.2.0","https://github.com/facebook/docusaurus/releases/tag/v1.2.0","2024-04-15T12:00:00Z","biblioteca/framework","majority","sim","unanimous","nao","unanimous","nao","nao","nao",""
"facebook/docusaurus","https://github.com/facebook/docusaurus","v1.3.0","https://github.com/facebook/docusaurus/releases/tag/v1.3.0","2024-05-15T12:00:00Z","biblioteca/framework","majority","sim","unanimous","sim","unanimous","sim","sim","sim",""
"facebook/docusaurus","https://github.com/facebook/docusaurus","v1.4.0","https://github.com/facebook/docusaurus/releases/tag/v1.4.0","2024-06-15T12:00:00Z","biblioteca/framework","majority","sim","unanimous","sim","unanimous","sim","sim","sim",""
"facebook/docusaurus","https://github.com/facebook/docusaurus","v1.5.0","https://github.com/facebook/docusaurus/releases/tag/v1.5.0","2024-07-15T12:00:00Z","biblioteca/framework","majority","sim","unanimous","nao","unanimous","nao","nao","nao",""
"expressjs/express","https://github.com/expressjs/express","v1.1.0","https://github.com/expressjs/express/releases/tag/v1.1.0","2024-03-15T12:00:00Z","biblioteca/framework","unanimous","sim","unanimous","nao","unanimous","nao","nao","nao",""
"expressjs/express","https://github.com/expressjs/express","v1.2.0","https://github.com/expressjs/express/releases/tag/v1.2.0","2024-04-15T12:00:00Z","biblioteca/framework","unanimous","sim","unanimous","sim","unanimous","sim","sim","sim",""
"expressjs/express","https://github.com/expressjs/express","v1.3.0","https://github.com/expressjs/express/releases/tag/v1.3.0","2024-05-15T12:00:00Z","biblioteca/framework","unanimous","sim","unanimous","sim","majority","sim","nao","sim",""
"expressjs/express","https://github.com/expressjs/express","v1.4.0","https://github.com/expressjs/express/releases/tag/v1.4.0","2024-06-15T12:00:00Z","biblioteca/framework","unanimous","sim","unanimous","nao","unanimous","nao","nao","nao",""
"expressjs/express","https://github.com/expressjs/express","v1.5.0","https://github.com/expressjs/express/releases/tag/v1.5.0","2024-07-15T12:00:00Z","biblioteca/framework","unanimous","sim","unanimous","sim","majority","sim","sim","nao",""
"fastify/fastify","https://github.com/fastify/fastify","v1.1.0","https://github.com/fastify/fastify/releases/tag/v1.1.0","2024-03-15T12:00:00Z","biblioteca/framework","unanimous","sim","unanimous","nao","unanimous","nao","nao","nao",""
"fastify/fastify","https://github.com/fastify/fastify","v1.2.0","https://github.com/fastify/fastify/releases/tag/v1.2.0","2024-04-15T12:00:00Z","biblioteca/framework","unanimous","sim","unanimous","nao","unanimous","nao","nao","nao",""
"fastify/fastify","https://github.com/fastify/fastify","v1.3.0","https://github.com/fastify/fastify/releases/tag/v1.3.0","2024-05-15T12:00:00Z","biblioteca/framework","unanimous","sim","unanimous","sim","unanimous","sim","sim","sim",""
"fastify/fastify","https://github.com/fastify/fastify","v1.4.0","https://github.com/fastify/fastify/releases/tag/v1.4.0","2024-06-15T12:00:00Z","biblioteca/framework","unanimous","sim","unanimous","nao","unanimous","nao","nao","nao",""
"fastify/fastify","https://github.com/fastify/fastify","v1.5.0","https://github.com/fastify/fastify/releases/tag/v1.5.0","2024-07-15T12:00:00Z","biblioteca/framework","unanimous","sim","unanimous","nao","unanimous","nao","nao","nao",""
"pallets/flask","https://github.com/pallets/flask","v1.1.0","https://github.com/pallets/flask/releases/tag/v1.1.0","2024-03-15T12:00:00Z","biblioteca/framework","unanimous","sim","unanimous","sim","unanimous","sim","sim","sim",""
"pallets/flask","https://github.com/pallets/flask","v1.2.0","https://github.com/pallets/flask/releases/tag/v1.2.0","2024-04-15T12:00:00Z","biblioteca/framework","unanimous","sim","unanimous","nao","unanimous","nao","nao","nao",""
"pallets/flask","https://github.com/pallets/flask","v1.3.0","https://github.com/pallets/flask/releases/tag/v1.3.0","2024-05-15T12:00:00Z","biblioteca/framework","unanimous","sim","unanimous","sim","unanimous","sim","sim","sim",""
"pallets/flask","https://github.com/pallets/flask","v1.4.0","https://github.com/pallets/flask/releases/tag/v1.4.0","2024-06-15T12:00:00Z","biblioteca/framework","unanimous","sim","unanimous","sim","unanimous","sim","sim","sim",""
"pallets/flask","https://github.com/pallets/flask","v1.5.0","https://github.com/pallets/flask/releases/tag/v1.5.0","2024-07-15T12:00:00Z","biblioteca/framework","unanimous","sim","unanimous","nao","unanimous","nao","nao","nao",""
"django/django","https://github.com/django/django","v1.1.0","https://github.com/django/django/releases/tag/v1.1.0","2024-03-15T12:00:00Z","biblioteca/framework","unanimous","sim","unanimous","nao","unanimous","nao","nao","nao",""
"django/django","https://github.com/django/django","v1.2.0","https://github.com/django/django/releases/tag/v1.2.0","2024-04-15T12:00:00Z","biblioteca/framework","unanimous","sim","unanimous","sim","unanimous","sim","sim","sim",""
"django/django","https://github.com/django/django","v1.3.0","https://github.com/django/django/releases/tag/v1.3.0","2024-05-15T12:00:00Z","biblioteca/framework","unanimous","sim","unanimous","sim","unanimous","sim","sim","sim",""
"django/django","https://github.com/django/django","v1.4.0","https://github.com/django/django/releases/tag/v1.4.0","2024-06-15T12:00:00Z","biblioteca/framework","unanimous","sim","unanimous","nao","unanimous","nao","nao","nao",""
"django/django","https://github.com/django/django","v1.5.0","https://github.com/django/django/releases/tag/v1.5.0","2024-07-15T12:00:00Z","biblioteca/framework","unanimous","sim","unanimous","sim","majority","sim","nao","sim",""
"tiangolo/fastapi","https://github.com/tiangolo/fastapi","v1.1.0","https://github.com/tiangolo/fastapi/releases/tag/v1.1.0","2024-03-15T12:00:00Z","biblioteca/framework","unanimous","sim","unanimous","nao","unanimous","nao","nao","nao",""
"tiangolo/fastapi","https://github.com/tiangolo/fastapi","v1.2.0","https://github.com/tiangolo/fastapi/releases/tag/v1.2.0","2024-04-15T12:00:00Z","biblioteca/framework","unanimous","sim","unanimous","nao","unanimous","nao","nao","nao",""
"tiangolo/fastapi","https://github.com/tiangolo/fastapi","v1.3.0","https://github.com/tiangolo/fastapi/releases/tag/v1.3.0","2024-05-15T12:00:00Z","biblioteca/framework","unanimous","sim","unanimous","sim","unanimous","sim","sim","sim",""
"tiangolo/fastapi","https://github.com/tiangolo/fastapi","v1.4.0","https://github.com/tiangolo/fastapi/releases/tag/v1.4.0","2024-06-15T12:00:00Z","biblioteca/framework","unanimous","sim","unanimous","nao","majority","nao","nao","sim",""
"tiangolo/fastapi","https://github.com/tiangolo/fastapi","v1.5.0","https://github.com/tiangolo/fastapi/releases/tag/v1.5.0","2024-07-15T12:00:00Z","biblioteca/framework","unanimous","sim","unanimous","nao","unanimous","nao","nao","nao",""
"psf/black","https://github.com/psf/black","v1.1.0","https://github.com/psf/black/releases/tag/v1.1.0","2024-03-15T12:00:00Z","ferramenta cli","unanimous","sim","unanimous","sim","unanimous","sim","sim","sim",""
"psf/black","https://github.com/psf/black","v1.2.0","https://github.com/psf/black/releases/tag/v1.2.0","2024-04-15T12:00:00Z","ferramenta cli","unanimous","sim","unanimous","nao","unanimous","nao","nao","nao",""
"psf/black","https://github.com/psf/black","v1.3.0","https://github.com/psf/black/releases/tag/v1.3.0","2024-05-15T12:00:00Z","ferramenta cli","unanimous","sim","unanimous","sim","unanimous","sim","sim","sim",""
"psf/black","https://github.com/psf/black","v1.4.0","https://github.com/psf/black/releases/tag/v1.4.0","2024-06-15T12:00:00Z","ferramenta cli","unanimous","sim","unanimous","sim","unanimous","sim","sim","sim",""
"psf/black","https://github.com/psf/black","v1.5.0","https://github.com/psf/black/releases/tag/v1.5.0","2024-07-15T12:00:00Z","ferramenta cli","unanimous","sim","unanimous","nao","unanimous","nao","nao","nao",""
"astral-sh/uv","https://github.com/astral-sh/uv","v1.1.0","https://github.com/astral-sh/uv/releases/tag/v1.1.0","2024-03-15T12:00:00Z","ferramenta cli","unanimous","sim","unanimous","nao","unanimous","nao","nao","nao",""
"astral-sh/uv","https://github.com/astral-sh/uv","v1.2.0","https://github.com/astral-sh/uv/releases/tag/v1.2.0","2024-04-15T12:00:00Z","ferramenta cli","unanimous","sim","unanimous","sim","unanimous","sim","sim","sim",""
"astral-sh/uv","https://github.com/astral-sh/uv","v1.3.0","https://github.com/astral-sh/uv/releases/tag/v1.3.0","2024-05-15T12:00:00Z","ferramenta cli","unanimous","sim","unanimous","sim","unanimous","sim","sim","sim",""
"astral-sh/uv","https://github.com/astral-sh/uv","v1.4.0","https://github.com/astral-sh/uv/releases/tag/v1.4.0","2024-06-15T12:00:00Z","ferramenta cli","unanimous","sim","unanimous","nao","unanimous","nao","nao","nao",""
"astral-sh/uv","https://github.com/astral-sh/uv","v1.5.0","https://github.com/astral-sh/uv/releases/tag/v1.5.0","2024-07-15T12:00:00Z","ferramenta cli","unanimous","sim","unanimous","sim","unanimous","sim","sim","sim",""
"astral-sh/ruff","https://github.com/astral-sh/ruff","v1.1.0","https://github.com/astral-sh/ruff/releases/tag/v1.1.0","2024-03-15T12:00:00Z","ferramenta cli","unanimous","sim","unanimous","nao","unanimous","nao","nao","nao",""
"astral-sh/ruff","https://github.com/astral-sh/ruff","v1.2.0","https://github.com/astral-sh/ruff/releases/tag/v1.2.0","2024-04-15T12:00:00Z","ferramenta cli","unanimous","sim","unanimous","nao","majority","nao","sim","nao",""
"astral-sh/ruff","https://github.com/astral-sh/ruff","v1.3.0","https://github.com/astral-sh/ruff/releases/tag/v1.3.0","2024-05-15T12:00:00Z","ferramenta cli","unanimous","sim","unanimous","sim","unanimous","sim","sim","sim",""
"astral-sh/ruff","https://github.com/astral-sh/ruff","v1.4.0","https://github.com/astral-sh/ruff/releases/tag/v1.4.0","2024-06-15T12:00:00Z","ferramenta cli","unanimous","sim","unanimous","nao","unanimous","nao","nao","nao",""
"astral-sh/ruff","https://github.com/astral-sh/ruff","v1.5.0","https://github.com/astral-sh/ruff/releases/tag/v1.5.0","2024-07-15T12:00:00Z","ferramenta cli","unanimous","sim","unanimous","nao","unanimous","nao","nao","nao",""
"golang/go","https://github.com/golang/go","v1.1.0","https://github.com/golang/go/releases/tag/v1.1.0","2024-03-15T12:00:00Z","ferramenta cli","unanimous","sim","unanimous","sim","unanimous","sim","sim","sim",""
"golang/go","https://github.com/golang/go","v1.2.0","https://github.com/golang/go/releases/tag/v1.2.0","2024-04-15T12:00:00Z","ferramenta cli","unanimous","sim","unanimous","nao","unanimous","nao","nao","nao",""
"golang/go","https://github.com/golang/go","v1.3.0","https://github.com/golang/go/releases/tag/v1.3.0","2024-05-15T12:00:00Z","ferramenta cli","unanimous","sim","unanimous","sim","majority","sim","sim","nao",""
"golang/go","https://github.com/golang/go","v1.4.0","https://github.com/golang/go/releases/tag/v1.4.0","2024-06-15T12:00:00Z","ferramenta cli","unanimous","sim","unanimous","sim","unanimous","sim","sim","sim",""
"golang/go","https://github.com/golang/go","v1.5.0","https://github.com/golang/go/releases/tag/v1.5.0","2024-07-15T12:00:00Z","ferramenta cli","unanimous","sim","unanimous","nao","unanimous","nao","nao","nao",""
"charmbracelet/bubbletea","https://github.com/charmbracelet/bubbletea","v1.1.0","https://github.com/charmbracelet/bubbletea/releases/tag/v1.1.0","2024-03-15T12:00:00Z","biblioteca/framework","unanimous","sim","unanimous","nao","unanimous","nao","nao","nao",""
"charmbracelet/bubbletea","https://github.com/charmbracelet/bubbletea","v1.2.0","https://github.com/charmbracelet/bubbletea/releases/tag/v1.2.0","2024-04-15T12:00:00Z","biblioteca/framework","unanimous","sim","unanimous","sim","unanimous","sim","sim","sim",""
"charmbracelet/bubbletea","https://github.com/charmbracelet/bubbletea","v1.3.0","https://github.com/charmbracelet/bubbletea/releases/tag/v1.3.0","2024-05-15T12:00:00Z","biblioteca/framework","unanimous","sim","unanimous","sim","unanimous","sim","sim","sim",""
"charmbracelet/bubbletea","https://github.com/charmbracelet/bubbletea","v1.4.0","https://github.com/charmbracelet/bubbletea/releases/tag/v1.4.0","2024-06-15T12:00:00Z","biblioteca/framework","unanimous","sim","unanimous","nao","unanimous","nao","nao","nao",""
"charmbracelet/bubbletea","https://github.com/charmbracelet/bubbletea","v1.5.0","https://github.com/charmbracelet/bubbletea/releases/tag/v1.5.0","2024-07-15T12:00:00Z","biblioteca/framework","unanimous","sim","unanimous","sim","unanimous","sim","sim","sim",""
"junegunn/fzf","https://github.com/junegunn/fzf","v1.1.0","https://github.com/junegunn/fzf/releases/tag/v1.1.0","2024-03-15T12:00:00Z","ferramenta cli","unanimous","sim","unanimous","nao","unanimous","nao","nao","nao",""
"junegunn/fzf","https://github.com/junegunn/fzf","v1.2.0","https://github.com/junegunn/fzf/releases/tag/v1.2.0","2024-04-15T12:00:00Z","ferramenta cli","unanimous","sim","unanimous","nao","unanimous","nao","nao","nao",""
"junegunn/fzf","https://github.com/junegunn/fzf","v1.3.0","https://github.com/junegunn/fzf/releases/tag/v1.3.0","2024-05-15T12:00:00Z","ferramenta cli","unanimous","sim","unanimous","sim","unanimous","sim","sim","sim",""
"junegunn/fzf","https://github.com/junegunn/fzf","v1.4.0","https://github.com/junegunn/fzf/releases/tag/v1.4.0","2024-06-15T12:00:00Z","ferramenta cli","unanimous","sim","unanimous","nao","majority","nao","sim","nao",""
"junegunn/fzf","https://github.com/junegunn/fzf","v1.5.0","https://github.com/junegunn/fzf/releases/tag/v1.5.0","2024-07-15T12:00:00Z","ferramenta cli","unanimous","sim","unanimous","nao","unanimous","nao","nao","nao",""
"sharkdp/bat","https://github.com/sharkdp/bat","v1.1.0","https://github.com/sharkdp/bat/releases/tag/v1.1.0","2024-03-15T12:00:00Z","ferramenta cli","unanimous","sim","unanimous","sim","unanimous","sim","sim","sim",""
"sharkdp/bat","https://github.com/sharkdp/bat","v1.2.0","https://github.com/sharkdp/bat/releases/tag/v1.2.0","2024-04-15T12:00:00Z","ferramenta cli","unanimous","sim","unanimous","nao","unanimous","nao","nao","nao",""
"sharkdp/bat","https://github.com/sharkdp/bat","v1.3.0","https://github.com/sharkdp/bat/releases/tag/v1.3.0","2024-05-15T12:00:00Z","ferramenta cli","unanimous","sim","unanimous","sim","unanimous","sim","sim","sim",""
"sharkdp/bat","https://github.com/sharkdp/bat","v1.4.0","https://github.com/sharkdp/bat/releases/tag/v1.4.0","2024-06-15T12:00:00Z","ferramenta cli","unanimous","sim","unanimous","sim","unanimous","sim","sim","sim",""
"sharkdp/bat","https://github.com/sharkdp/bat","v1.5.0","https://github.com/sharkdp/bat/releases/tag/v1.5.0","2024-07-15T12:00:00Z","ferramenta cli","unanimous","sim","unanimous","nao","unanimous","nao","nao","nao",""
"sharkdp/fd","https://github.com/sharkdp/fd","v1.1.0","https://github.com/sharkdp/fd/releases/tag/v1.1.0","2024-03-15T12:00:00Z","ferramenta cli","unanimous","sim","unanimous","nao","unanimous","nao","nao","nao",""
"sharkdp/fd","https://github.com/sharkdp/fd","v1.2.0","https://github.com/sharkdp/fd/releases/tag/v1.2.0","2024-04-15T12:00:00Z","ferramenta cli","unanimous","sim","unanimous","sim","majority","sim","sim","nao",""
"sharkdp/fd","https://github.com/sharkdp/fd","v1.3.0","https://github.com/sharkdp/fd/releases/tag/v1.3.0","2024-05-15T12:00:00Z","ferramenta cli","unanimous","sim","unanimous","sim","unanimous","sim","sim","sim",""
"sharkdp/fd","https://github.com/sharkdp/fd","v1.4.0","https://github.com/sharkdp/fd/releases/tag/v1.4.0","2024-06-15T12:00:00Z","ferramenta cli","unanimous","sim","unanimous","nao","unanimous","nao","nao","nao",""
"sharkdp/fd","https://github.com/sharkdp/fd","v1.5.0","https://github.com/sharkdp/fd/releases/tag/v1.5.0","2024-07-15T12:00:00Z","ferramenta cli","unanimous","sim","unanimous","sim","unanimous","sim","sim","sim",""
"BurntSushi/ripgrep","https://github.com/BurntSushi/ripgrep","v1.1.0","https://github.com/BurntSushi/ripgrep/releases/tag/v1.1.0","2024-03-15T12:00:00Z","ferramenta cli","unanimous","sim","unanimous","nao","unanimous","nao","nao","nao",""
"BurntSushi/ripgrep","https://github.com/BurntSushi/ripgrep","v1.2.0","https://github.com/BurntSushi/ripgrep/releases/tag/v1.2.0","2024-04-15T12:00:00Z","ferramenta cli","unanimous","sim","unanimous","nao","unanimous","nao","nao","nao",""
"BurntSushi/ripgrep","https://github.com/BurntSushi/ripgrep","v1.3.0","https://github.com/BurntSushi/ripgrep/releases/tag/v1.3.0","2024-05-15T12:00:00Z","ferramenta cli","unanimous","sim","unanimous","sim","unanimous","sim","sim","sim",""
"BurntSushi/ripgrep","https://github.com/BurntSushi/ripgrep","v1.4.0","https://github.com/BurntSushi/ripgrep/releases/tag/v1.4.0","2024-06-15T12:00:00Z","ferramenta cli","unanimous","sim","unanimous","nao","unanimous","nao","nao","nao",""
"BurntSushi/ripgrep","https://github.com/BurntSushi/ripgrep","v1.5.0","https://github.com/BurntSushi/ripgrep/releases/tag/v1.5.0","2024-07-15T12:00:00Z","ferramenta cli","unanimous","sim","unanimous","nao","unanimous","nao","nao","nao",""
"starship/starship","https://github.com/starship/starship","v1.1.0","https://github.com/starship/starship/releases/tag/v1.1.0","2024-03-15T12:00:00Z","ferramenta cli","unanimous","sim","unanimous","sim","majority","sim","nao","sim",""
"starship/starship","https://github.com/starship/starship","v1.2.0","https://github.com/starship/starship/releases/tag/v1.2.0","2024-04-15T12:00:00Z","ferramenta cli","unanimous","sim","unanimous","nao","unanimous","nao","nao","nao",""
"starship/starship","https://github.com/starship/starship","v1.3.0","https://github.com/starship/starship/releases/tag/v1.3.0","2024-05-15T12:00:00Z","ferramenta cli","unanimous","sim","unanimous","sim","unanimous","sim","sim","sim",""
"starship/starship","https://github.com/starship/starship","v1.4.0","https://github.com/starship/starship/releases/tag/v1.4.0","2024-06-15T12:00:00Z","ferramenta cli","unanimous","sim","unanimous","sim","unanimous","sim","sim","sim",""
"starship/starship","https://github.com/starship/starship","v1.5.0","https://github.com/starship/starship/releases/tag/v1.5.0","2024-07-15T12:00:00Z","ferramenta cli","unanimous","sim","unanimous","nao","unanimous","nao","nao","nao",""
"neovim/neovim","https://github.com/neovim/neovim","v1.1.0","https://github.com/neovim/neovim/releases/tag/v1.1.0","2024-03-15T12:00:00Z","ferramenta cli","unanimous","sim","unanimous","nao","unanimous","nao","nao","nao",""
"neovim/neovim","https://github.com/neovim/neovim","v1.2.0","https://github.com/neovim/neovim/releases/tag/v1.2.0","2024-04-15T12:00:00Z","ferramenta cli","unanimous","sim","unanimous","sim","unanimous","sim","sim","sim",""
"neovim/neovim","https://github.com/neovim/neovim","v1.3.0","https://github.com/neovim/neovim/releases/tag/v1.3.0","2024-05-15T12:00:00Z","ferramenta cli","unanimous","sim","unanimous","sim","unanimous","sim","sim","sim",""
"neovim/neovim","https://github.com/neovim/neovim","v1.4.0","https://github.com/neovim/neovim/releases/tag/v1.4.0","2024-06-15T12:00:00Z","ferramenta cli","unanimous","sim","unanimous","nao","unanimous","nao","nao","nao",""
"neovim/neovim","https://github.com/neovim/neovim","v1.5.0","https://github.com/neovim/neovim/releases/tag/v1.5.0","2024-07-15T12:00:00Z","ferramenta cli","unanimous","sim","unanimous","sim","unanimous","sim","sim","sim",""
"helix-editor/helix","https://github.com/helix-editor/helix","v1.1.0","https://github.com/helix-editor/helix/releases/tag/v1.1.0","2024-03-15T12:00:00Z","ferramenta cli","unanimous","sim","unanimous","nao","majority","nao","nao","sim",""
"helix-editor/helix","https://github.com/helix-editor/helix","v1.2.0","https://github.com/helix-editor/helix/releases/tag/v1.2.0","2024-04-15T12:00:00Z","ferramenta cli","unanimous","sim","unanimous","nao","unanimous","nao","nao","nao",""
"helix-editor/helix","https://github.com/helix-editor/helix","v1.3.0","https://github.com/helix-editor/helix/releases/tag/v1.3.0","2024-05-15T12:00:00Z","ferramenta cli","unanimous","sim","unanimous","sim","unanimous","sim","sim","sim",""
"helix-editor/helix","https://github.com/helix-editor/helix","v1.4.0","https://github.com/helix-editor/helix/releases/tag/v1.4.0","2024-06-15T12:00:00Z","ferramenta cli","unanimous","sim","unanimous","nao","unanimous","nao","nao","nao",""
"helix-editor/helix","https://github.com/helix-editor/helix","v1.5.0","https://github.com/helix-editor/helix/releases/tag/v1.5.0","2024-07-15T12:00:00Z","ferramenta cli","unanimous","sim","unanimous","nao","unanimous","nao","nao","nao",""
"alacritty/alacritty","https://github.com/alacritty/alacritty","v1.1.0","https://github.com/alacritty/alacritty/releases/tag/v1.1.0","2024-03-15T12:00:00Z","ferramenta cli","unanimous","sim","unanimous","sim","unanimous","sim","sim","sim",""
"alacritty/alacritty","https://github.com/alacritty/alacritty","v1.2.0","https://github.com/alacritty/alacritty/releases/tag/v1.2.0","2024-04-15T12:00:00Z","ferramenta cli","unanimous","sim","unanimous","nao","unanimous","nao","nao","nao",""
"alacritty/alacritty","https://github.com/alacritty/alacritty","v1.3.0","https://github.com/alacritty/alacritty/releases/tag/v1.3.0","2024-05-15T12:00:00Z","ferramenta cli","unanimous","sim","unanimous","sim","majority","sim","nao","sim",""
"alacritty/alacritty","https://github.com/alacritty/alacritty","v1.4.0","https://github.com/alacritty/alacritty/releases/tag/v1.4.0","2024-06-15T12:00:00Z","ferramenta cli","unanimous","sim","unanimous","sim","unanimous","sim","sim","sim",""
"alacritty/alacritty","https://github.com/alacritty/alacritty","v1.5.0","https://github.com/alacritty/alacritty/releases/tag/v1.5.0","2024-07-15T12:00:00Z","ferramenta cli","unanimous","sim","unanimous","nao","unanimous","nao","nao","nao",""
"zellij-org/zellij","https://github.com/zellij-org/zellij","v1.1.0","https://github.com/zellij-org/zellij/releases/tag/v1.1.0","2024-03-15T12:00:00Z","ferramenta cli","unanimous","sim","unanimous","nao","unanimous","nao","nao","nao",""
"zellij-org/zellij","https://github.com/zellij-org/zellij","v1.2.0","https://github.com/zellij-org/zellij/releases/tag/v1.2.0","2024-04-15T12:00:00Z","ferramenta cli","unanimous","sim","unanimous","sim","unanimous","sim","sim","sim",""
"zellij-org/zellij","https://github.com/zellij-org/zellij","v1.3.0","https://github.com/zellij-org/zellij/releases/tag/v1.3.0","2024-05-15T12:00:00Z","ferramenta cli","unanimous","sim","unanimous","sim","unanimous","sim","sim","sim",""
"zellij-org/zellij","https://github.com/zellij-org/zellij","v1.4.0","https://github.com/zellij-org/zellij/releases/tag/v1.4.0","2024-06-15T12:00:00Z","ferramenta cli","unanimous","sim","unanimous","nao","unanimous","nao","nao","nao",""
"zellij-org/zellij","https://github.com/zellij-org/zellij","v1.5.0","https://github.com/zellij-org/zellij/releases/tag/v1.5.0","2024-07-15T12:00:00Z","ferramenta cli","unanimous","sim","unanimous","sim","unanimous","sim","sim","sim",""
"tauri-apps/tauri","https://github.com/tauri-apps/tauri","v1.1.0","https://github.com/tauri-apps/tauri/releases/tag/v1.1.0","2024-03-15T12:00:00Z","biblioteca/framework","majority","sim","unanimous","nao","unanimous","nao","nao","nao",""
"tauri-apps/tauri","https://github.com/tauri-apps/tauri","v1.2.0","https://github.com/tauri-apps/tauri/releases/tag/v1.2.0","2024-04-15T12:00:00Z","biblioteca/framework","majority","sim","unanimous","nao","unanimous","nao","nao","nao",""
"tauri-apps/tauri","https://github.com/tauri-apps/tauri","v1.3.0","https://github.com/tauri-apps/tauri/releases/tag/v1.3.0","2024-05-15T12:00:00Z","biblioteca/framework","majority","sim","unanimous","sim","unanimous","sim","sim","sim",""
"tauri-apps/tauri","https://github.com/tauri-apps/tauri","v1.4.0","https://github.com/tauri-apps/tauri/releases/tag/v1.4.0","2024-06-15T12:00:00Z","biblioteca/framework","majority","sim","unanimous","nao","unanimous","nao","nao","nao",""
"tauri-apps/tauri","https://github.com/tauri-apps/tauri","v1.5.0","https://github.com/tauri-apps/tauri/releases/tag/v1.5.0","2024-07-15T12:00:00Z","biblioteca/framework","majority","sim","unanimous","nao","majority","nao","nao","sim",""
"electron/electron","https://github.com/electron/electron","v1.1.0","https://github.com/electron/electron/releases/tag/v1.1.0","2024-03-15T12:00:00Z","biblioteca/framework","unanimous","sim","unanimous","sim","unanimous","sim","sim","sim",""
"electron/electron","https://github.com/electron/electron","v1.2.0","https://github.com/electron/electron/releases/tag/v1.2.0","2024-04-15T12:00:00Z","biblioteca/framework","unanimous","sim","unanimous","nao","unanimous","nao","nao","nao",""
"electron/electron","https://github.com/electron/electron","v1.3.0","https://github.com/electron/electron/releases/tag/v1.3.0","2024-05-15T12:00:00Z","biblioteca/framework","unanimous","sim","unanimous","sim","unanimous","sim","sim","sim",""
"electron/electron","https://github.com/electron/electron","v1.4.0","https://github.com/electron/electron/releases/tag/v1.4.0","2024-06-15T12:00:00Z","biblioteca/framework","unanimous","sim","unanimous","sim","unanimous","sim","sim","sim",""
"electron/electron","https://github.com/electron/electron","v1.5.0","https://github.com/electron/electron/releases/tag/v1.5.0","2024-07-15T12:00:00Z","biblioteca/framework","unanimous","sim","unanimous","nao","majority","nao","sim","nao",""
"denoland/deno","https://github.com/denoland/deno","v1.1.0","https://github.com/denoland/deno/releases/tag/v1.1.0","2024-03-15T12:00:00Z","ferramenta cli","majority","sim","unanimous","nao","unanimous","nao","nao","nao",""
"denoland/deno","https://github.com/denoland/deno","v1.2.0","https://github.com/denoland/deno/releases/tag/v1.2.0","2024-04-15T12:00:00Z","ferramenta cli","majority","sim","unanimous","sim","unanimous","sim","sim","sim",""
"denoland/deno","https://github.com/denoland/deno","v1.3.0","https://github.com/denoland/deno/releases/tag/v1.3.0","2024-05-15T12:00:00Z","ferramenta cli","majority","sim","unanimous","sim","unanimous","sim","sim","sim",""
"denoland/deno","https://github.com/denoland/deno","v1.4.0","https://github.com/denoland/deno/releases/tag/v1.4.0","2024-06-15T12:00:00Z","ferramenta cli","majority","sim","unanimous","nao","unanimous","nao","nao","nao",""
"denoland/deno","https://github.com/denoland/deno","v1.5.0","https://github.com/denoland/deno/releases/tag/v1.5.0","2024-07-15T12:00:00Z","ferramenta cli","majority","sim","unanimous","sim","unanimous","sim","sim","sim",""
"oven-sh/bun","https://github.com/oven-sh/bun","v1.1.0","https://github.com/oven-sh/bun/releases/tag/v1.1.0","2024-03-15T12:00:00Z","ferramenta cli","unanimous","sim","unanimous","nao","unanimous","nao","nao","nao",""
"oven-sh/bun","https://github.com/oven-sh/bun","v1.2.0","https://github.com/oven-sh/bun/releases/tag/v1.2.0","2024-04-15T12:00:00Z","ferramenta cli","unanimous","sim","unanimous","nao","unanimous","nao","nao","nao",""
"oven-sh/bun","https://github.com/oven-sh/bun","v1.3.0","https://github.com/oven-sh/bun/releases/tag/v1.3.0","2024-05-15T12:00:00Z","ferramenta cli","unanimous","sim","unanimous","sim","unanimous","sim","sim","sim",""
"oven-sh/bun","https://github.com/oven-sh/bun","v1.4.0","https://github.com/oven-sh/bun/releases/tag/v1.4.0","2024-06-15T12:00:00Z","ferramenta cli","unanimous","sim","unanimous","nao","unanimous","nao","nao","nao",""
"oven-sh/bun","https://github.com/oven-sh/bun","v1.5.0","https://github.com/oven-sh/bun/releases/tag/v1.5.0","2024-07-15T12:00:00Z","ferramenta cli","unanimous","sim","unanimous","nao","unanimous","nao","nao","nao",""
"nodejs/node","https://github.com/nodejs/node","v1.1.0","https://github.com/nodejs/node/releases/tag/v1.1.0","2024-03-15T12:00:00Z","ferramenta cli","unanimous","sim","unanimous","sim","unanimous","sim","sim","sim",""
"nodejs/node","https://github.com/nodejs/node","v1.2.0","https://github.com/nodejs/node/releases/tag/v1.2.0","2024-04-15T12:00:00Z","ferramenta cli","unanimous","sim","unanimous","nao","unanimous","nao","nao","nao",""
"nodejs/node","https://github.com/nodejs/node","v1.3.0","https://github.com/nodejs/node/releases/tag/v1.3.0","2024-05-15T12:00:00Z","ferramenta cli","unanimous","sim","unanimous","sim","unanimous","sim","sim","sim",""
"nodejs/node","https://github.com/nodejs/node","v1.4.0","https://github.com/nodejs/node/releases/tag/v1.4.0","2024-06-15T12:00:00Z","ferramenta cli","unanimous","sim","unanimous","sim","majority","sim","sim","nao",""
"nodejs/node","https://github.com/nodejs/node","v1.5.0","https://github.com/nodejs/node/releases/tag/v1.5.0","2024-07-15T12:00:00Z","ferramenta cli","unanimous","sim","unanimous","nao","unanimous","nao","nao","nao",""
"yarnpkg/berry","https://github.com/yarnpkg/berry","v1.1.0","https://github.com/yarnpkg/berry/releases/tag/v1.1.0","2024-03-15T12:00:00Z","ferramenta cli","unanimous","sim","unanimous","nao","unanimous","nao","nao","nao",""
"yarnpkg/berry","https://github.com/yarnpkg/berry","v1.2.0","https://github.com/yarnpkg/berry/releases/tag/v1.2.0","2024-04-15T12:00:00Z","ferramenta cli","unanimous","sim","unanimous","sim","majority","sim","nao","sim",""
"yarnpkg/berry","https://github.com/yarnpkg/berry","v1.3.0","https://github.com/yarnpkg/berry/releases/tag/v1.3.0","2024-05-15T12:00:00Z","ferramenta cli","unanimous","sim","unanimous","sim","unanimous","sim","sim","sim",""
"yarnpkg/berry","https://github.com/yarnpkg/berry","v1.4.0","https://github.com/yarnpkg/berry/releases/tag/v1.4.0","2024-06-15T12:00:00Z","ferramenta cli","unanimous","sim","unanimous","nao","unanimous","nao","nao","nao",""
"yarnpkg/berry","https://github.com/yarnpkg/berry","v1.5.0","https://github.com/yarnpkg/berry/releases/tag/v1.5.0","2024-07-15T12:00:00Z","ferramenta cli","unanimous","sim","unanimous","sim","unanimous","sim","sim","sim",""
"pnpm/pnpm","https://github.com/pnpm/pnpm","v1.1.0","https://github.com/pnpm/pnpm/releases/tag/v1.1.0","2024-03-15T12:00:00Z","ferramenta cli","unanimous","sim","unanimous","nao","unanimous","nao","nao","nao",""
"pnpm/pnpm","https://github.com/pnpm/pnpm","v1.2.0","https://github.com/pnpm/pnpm/releases/tag/v1.2.0","2024-04-15T12:00:00Z","ferramenta cli","unanimous","sim","unanimous","nao","unanimous","nao","nao","nao",""
"pnpm/pnpm","https://github.com/pnpm/pnpm","v1.3.0","https://github.com/pnpm/pnpm/releases/tag/v1.3.0","2024-05-15T12:00:00Z","ferramenta cli","unanimous","sim","unanimous","sim","unanimous","sim","sim","sim",""
"pnpm/pnpm","https://github.com/pnpm/pnpm","v1.4.0","https://github.com/pnpm/pnpm/releases/tag/v1.4.0","2024-06-15T12:00:00Z","ferramenta cli","unanimous","sim","unanimous","nao","unanimous","nao","nao","nao",""
"pnpm/pnpm","https://github.com/pnpm/pnpm","v1.5.0","https://github.com/pnpm/pnpm/releases/tag/v1.5.0","2024-07-15T12:00:00Z","ferramenta cli","unanimous","sim","unanimous","nao","unanimous","nao","nao","nao",""
"vercel/turbo","https://github.com/vercel/turbo","v1.1.0","https://github.com/vercel/turbo/releases/tag/v1.1.0","2024-03-15T12:00:00Z","ferramenta cli","unanimous","sim","unanimous","sim","unanimous","sim","sim","sim",""
"vercel/turbo","https://github.com/vercel/turbo","v1.2.0","https://github.com/vercel/turbo/releases/tag/v1.2.0","2024-04-15T12:00:00Z","ferramenta cli","unanimous","sim","unanimous","nao","unanimous","nao","nao","nao",""
"vercel/turbo","https://github.com/vercel/turbo","v1.3.0","https://github.com/vercel/turbo/releases/tag/v1.3.0","2024-05-15T12:00:00Z","ferramenta cli","unanimous","sim","unanimous","sim","unanimous","sim","sim","sim",""
"vercel/turbo","https://github.com/vercel/turbo","v1.4.0","https://github.com/vercel/turbo/releases/tag/v1.4.0","2024-06-15T12:00:00Z","ferramenta cli","unanimous","sim","unanimous","sim","unanimous","sim","sim","sim",""
"vercel/turbo","https://github.com/vercel/turbo","v1.5.0","https://github.com/vercel/turbo/releases/tag/v1.5.0","2024-07-15T12:00:00Z","ferramenta cli","unanimous","sim","unanimous","nao","unanimous","nao","nao","nao",""
"vitejs/vite","https://github.com/vitejs/vite","v1.1.0","https://github.com/vitejs/vite/releases/tag/v1.1.0","2024-03-15T12:00:00Z","ferramenta cli","majority","sim","unanimous","nao","unanimous","nao","nao","nao",""
"vitejs/vite","https://github.com/vitejs/vite","v1.2.0","https://github.com/vitejs/vite/releases/tag/v1.2.0","2024-04-15T12:00:00Z","ferramenta cli","majority","sim","unanimous","sim","unanimous","sim","sim","sim",""
"vitejs/vite","https://github.com/vitejs/vite","v1.3.0","https://github.com/vitejs/vite/releases/tag/v1.3.0","2024-05-15T12:00:00Z","ferramenta cli","majority","sim","unanimous","sim","majority","sim","sim","nao",""
"vitejs/vite","https://github.com/vitejs/vite","v1.4.0","https://github.com/vitejs/vite/releases/tag/v1.4.0","2024-06-15T12:00:00Z","ferramenta cli","majority","sim","unanimous","nao","majority","nao","sim","nao",""
"vitejs/vite","https://github.com/vitejs/vite","v1.5.0","https://github.com/vitejs/vite/releases/tag/v1.5.0","2024-07-15T12:00:00Z","ferramenta cli","majority","sim","unanimous","sim","unanimous","sim","sim","sim",""
"rollup/rollup","https://github.com/rollup/rollup","v1.1.0","https://github.com/rollup/rollup/releases/tag/v1.1.0","2024-03-15T12:00:00Z","ferramenta cli","unanimous","sim","unanimous","nao","unanimous","nao","nao","nao",""
"rollup/rollup","https://github.com/rollup/rollup","v1.2.0","https://github.com/rollup/rollup/releases/tag/v1.2.0","2024-04-15T12:00:00Z","ferramenta cli","unanimous","sim","unanimous","nao","unanimous","nao","nao","nao",""
"rollup/rollup","https://github.com/rollup/rollup","v1.3.0","https://github.com/rollup/rollup/releases/tag/v1.3.0","2024-05-15T12:00:00Z","ferramenta cli","unanimous","sim","unanimous","sim","unanimous","sim","sim","sim",""
"rollup/rollup","https://github.com/rollup/rollup","v1.4.0","https://github.com/rollup/rollup/releases/tag/v1.4.0","2024-06-15T12:00:00Z","ferramenta cli","unanimous","sim","unanimous","nao","unanimous","nao","nao","nao",""
"rollup/rollup","https://github.com/rollup/rollup","v1.5.0","https://github.com/rollup/rollup/releases/tag/v1.5.0","2024-07-15T12:00:00Z","ferramenta cli","unanimous","sim","unanimous","nao","unanimous","nao","nao","nao",""
"webpack/webpack","https://github.com/webpack/webpack","v1.1.0","https://github.com/webpack/webpack/releases/tag/v1.1.0","2024-03-15T12:00:00Z","ferramenta cli","unanimous","sim","unanimous","sim","unanimous","sim","sim","sim",""
"webpack/webpack","https://github.com/webpack/webpack","v1.2.0","https://github.com/webpack/webpack/releases/tag/v1.2.0","2024-04-15T12:00:00Z","ferramenta cli","unanimous","sim","unanimous","nao","unanimous","nao","nao","nao",""
"webpack/webpack","https://github.com/webpack/webpack","v1.3.0","https://github.com/webpack/webpack/releases/tag/v1.3.0","2024-05-15T12:00:00Z","ferramenta cli","unanimous","sim","unanimous","sim","unanimous","sim","sim","sim",""
"webpack/webpack","https://github.com/webpack/webpack","v1.4.0","https://github.com/webpack/webpack/releases/tag/v1.4.0","2024-06-15T12:00:00Z","ferramenta cli","unanimous","sim","unanimous","sim","unanimous","sim","sim","sim",""
"webpack/webpack","https://github.com/webpack/webpack","v1.5.0","https://github.com/webpack/webpack/releases/tag/v1.5.0","2024-07-15T12:00:00Z","ferramenta cli","unanimous","sim","unanimous","nao","unanimous","nao","nao","nao",""
"esbuild/esbuild","https://github.com/esbuild/esbuild","v1.1.0","https://github.com/esbuild/esbuild/releases/tag/v1.1.0","2024-03-15T12:00:00Z","ferramenta cli","majority","sim","unanimous","nao","unanimous","nao","nao","nao",""
"esbuild/esbuild","https://github.com/esbuild/esbuild","v1.2.0","https://github.com/esbuild/esbuild/releases/tag/v1.2.0","2024-04-15T12:00:00Z","ferramenta cli","majority","sim","unanimous","sim","unanimous","sim","sim","sim",""
"esbuild/esbuild","https://github.com/esbuild/esbuild","v1.3.0","https://github.com/esbuild/esbuild/releases/tag/v1.3.0","2024-05-15T12:00:00Z","ferramenta cli","majority","sim","unanimous","sim","unanimous","sim","sim","sim",""
"esbuild/esbuild","https://github.com/esbuild/esbuild","v1.4.0","https://github.com/esbuild/esbuild/releases/tag/v1.4.0","2024-06-15T12:00:00Z","ferramenta cli","majority","sim","unanimous","nao","unanimous","nao","nao","nao",""
"esbuild/esbuild","https://github.com/esbuild/esbuild","v1.5.0","https://github.com/esbuild/esbuild/releases/tag/v1.5.0","2024-07-15T12:00:00Z","ferramenta cli","majority","sim","unanimous","sim","unanimous","sim","sim","sim",""
"tailwindlabs/tailwindcss","https://github.com/tailwindlabs/tailwindcss","v1.1.0","https://github.com/tailwindlabs/tailwindcss/releases/tag/v1.1.0","2024-03-15T12:00:00Z","biblioteca/framework","unanimous","sim","unanimous","nao","majority","nao","sim","nao",""
"tailwindlabs/tailwindcss","https://github.com/tailwindlabs/tailwindcss","v1.2.0","https://github.com/tailwindlabs/tailwindcss/releases/tag/v1.2.0","2024-04-15T12:00:00Z","biblioteca/framework","unanimous","sim","unanimous","nao","majority","nao","nao","sim",""
"tailwindlabs/tailwindcss","https://github.com/tailwindlabs/tailwindcss","v1.3.0","https://github.com/tailwindlabs/tailwindcss/releases/tag/v1.3.0","2024-05-15T12:00:00Z","biblioteca/framework","unanimous","sim","unanimous","sim","unanimous","sim","sim","sim",""
"tailwindlabs/tailwindcss","https://github.com/tailwindlabs/tailwindcss","v1.4.0","https://github.com/tailwindlabs/tailwindcss/releases/tag/v1.4.0","2024-06-15T12:00:00Z","biblioteca/framework","unanimous","sim","unanimous","nao","unanimous","nao","nao","nao",""
"tailwindlabs/tailwindcss","https://github.com/tailwindlabs/tailwindcss","v1.5.0","https://github.com/tailwindlabs/tailwindcss/releases/tag/v1.5.0","2024-07-15T12:00:00Z","biblioteca/framework","unanimous","sim","unanimous","nao","unanimous","nao","nao","nao",""
"reduxjs/redux-toolkit","https://github.com/reduxjs/redux-toolkit","v1.1.0","https://github.com/reduxjs/redux-toolkit/releases/tag/v1.1.0","2024-03-15T12:00:00Z","biblioteca/framework","unanimous","sim","unanimous","sim","unanimous","sim","sim","sim",""
"reduxjs/redux-toolkit","https://github.com/reduxjs/redux-toolkit","v1.2.0","https://github.com/reduxjs/redux-toolkit/releases/tag/v1.2.0","2024-04-15T12:00:00Z","biblioteca/framework","unanimous","sim","unanimous","nao","unanimous","nao","nao","nao",""
"reduxjs/redux-toolkit","https://github.com/reduxjs/redux-toolkit","v1.3.0","https://github.com/reduxjs/redux-toolkit/releases/tag/v1.3.0","2024-05-15T12:00:00Z","biblioteca/framework","unanimous","sim","unanimous","sim","unanimous","sim","sim","sim",""
"reduxjs/redux-toolkit","https://github.com/reduxjs/redux-toolkit","v1.4.0","https://github.com/reduxjs/redux-toolkit/releases/tag/v1.4.0","2024-06-15T12:00:00Z","biblioteca/framework","unanimous","sim","unanimous","sim","unanimous","sim","sim","sim",""
"reduxjs/redux-toolkit","https://github.com/reduxjs/redux-toolkit","v1.5.0","https://github.com/reduxjs/redux-toolkit/releases/tag/v1.5.0","2024-07-15T12:00:00Z","biblioteca/framework","unanimous","sim","unanimous","nao","unanimous","nao","nao","nao",""
"facebook/react","https://github.com/facebook/react","v1.1.0","https://github.com/facebook/react/releases/tag/v1.1.0","2024-03-15T12:00:00Z","biblioteca/framework","unanimous","sim","unanimous","nao","unanimous","nao","nao","nao",""
"facebook/react","https://github.com/facebook/react","v1.2.0","https://github.com/facebook/react/releases/tag/v1.2.0","2024-04-15T12:00:00Z","biblioteca/framework","unanimous","sim","unanimous","sim","unanimous","sim","sim","sim",""
"facebook/react","https://github.com/facebook/react","v1.3.0","https://github.com/facebook/react/releases/tag/v1.3.0","2024-05-15T12:00:00Z","biblioteca/framework","unanimous","sim","unanimous","sim","unanimous","sim","sim","sim",""
"facebook/react","https://github.com/facebook/react","v1.4.0","https://github.com/facebook/react/releases/tag/v1.4.0","2024-06-15T12:00:00Z","biblioteca/framework","unanimous","sim","unanimous","nao","unanimous","nao","nao","nao",""
"facebook/react","https://github.com/facebook/react","v1.5.0","https://github.com/facebook/react/releases/tag/v1.5.0","2024-07-15T12:00:00Z","biblioteca/framework","unanimous","sim","unanimous","sim","unanimous","sim","sim","sim",""
"vuejs/core","https://github.com/vuejs/core","v1.1.0","https://github.com/vuejs/core/releases/tag/v1.1.0","2024-03-15T12:00:00Z","biblioteca/framework","unanimous","sim","unanimous","nao","unanimous","nao","nao","nao",""
"vuejs/core","https://github.com/vuejs/core","v1.2.0","https://github.com/vuejs/core/releases/tag/v1.2.0","2024-04-15T12:00:00Z","biblioteca/framework","unanimous","sim","unanimous","nao","unanimous","nao","nao","nao",""
"vuejs/core","https://github.com/vuejs/core","v1.3.0","https://github.com/vuejs/core/releases/tag/v1.3.0","2024-05-15T12:00:00Z","biblioteca/framework","unanimous","sim","unanimous","sim","majority","sim","nao","sim",""
"vuejs/core","https://github.com/vuejs/core","v1.4.0","https://github.com/vuejs/core/releases/tag/v1.4.0","2024-06-15T12:00:00Z","biblioteca/framework","unanimous","sim","unanimous","nao","unanimous","nao","nao","nao",""
"vuejs/core","https://github.com/vuejs/core","v1.5.0","https://github.com/vuejs/core/releases/tag/v1.5.0","2024-07-15T12:00:00Z","biblioteca/framework","unanimous","sim","unanimous","nao","unanimous","nao","nao","nao",""
"sveltejs/svelte","https://github.com/sveltejs/svelte","v1.1.0","https://github.com/sveltejs/svelte/releases/tag/v1.1.0","2024-03-15T12:00:00Z","biblioteca/framework","unanimous","sim","unanimous","sim","majority","sim","sim","nao",""
"sveltejs/svelte","https://github.com/sveltejs/svelte","v1.2.0","https://github.com/sveltejs/svelte/releases/tag/v1.2.0","2024-04-15T12:00:00Z","biblioteca/framework","unanimous","sim","unanimous","nao","unanimous","nao","nao","nao",""
"sveltejs/svelte","https://github.com/sveltejs/svelte","v1.3.0","https://github.com/sveltejs/svelte/releases/tag/v1.3.0","2024-05-15T12:00:00Z","biblioteca/framework","unanimous","sim","unanimous","sim","unanimous","sim","sim","sim",""
"sveltejs/svelte","https://github.com/sveltejs/svelte","v1.4.0","https://github.com/sveltejs/svelte/releases/tag/v1.4.0","2024-06-15T12:00:00Z","biblioteca/framework","unanimous","sim","unanimous","sim","unanimous","sim","sim","sim",""
"sveltejs/svelte","https://github.com/sveltejs/svelte","v1.5.0","https://github.com/sveltejs/svelte/releases/tag/v1.5.0","2024-07-15T12:00:00Z","biblioteca/framework","unanimous","sim","unanimous","nao","unanimous","nao","nao","nao",""
"angular/angular","https://github.com/angular/angular","v1.1.0","https://github.com/angular/angular/releases/tag/v1.1.0","2024-03-15T12:00:00Z","biblioteca/framework","unanimous","sim","unanimous","nao","unanimous","nao","nao","nao",""
"angular/angular","https://github.com/angular/angular","v1.2.0","https://github.com/angular/angular/releases/tag/v1.2.0","2024-04-15T12:00:00Z","biblioteca/framework","unanimous","sim","unanimous","sim","unanimous","sim","sim","sim",""
"angular/angular","https://github.com/angular/angular","v1.3.0","https://github.com/angular/angular/releases/tag/v1.3.0","2024-05-15T12:00:00Z","biblioteca/framework","unanimous","sim","unanimous","sim","unanimous","sim","sim","sim",""
"angular/angular","https://github.com/angular/angular","v1.4.0","https://github.com/angular/angular/releases/tag/v1.4.0","2024-06-15T12:00:00Z","biblioteca/framework","unanimous","sim","unanimous","nao","unanimous","nao","nao","nao",""
"angular/angular","https://github.com/angular/angular","v1.5.0","https://github.com/angular/angular/releases/tag/v1.5.0","2024-07-15T12:00:00Z","biblioteca/framework","unanimous","sim","unanimous","sim","unanimous","sim","sim","sim",""
"kubernetes/kubernetes","https://github.com/kubernetes/kubernetes","v1.1.0","https://github.com/kubernetes/kubernetes/releases/tag/v1.1.0","2024-03-15T12:00:00Z","aplicação/serviço","unanimous","incerto","majority","nao","unanimous","nao","nao","nao",""
"kubernetes/kubernetes","https://github.com/kubernetes/kubernetes","v1.2.0","https://github.com/kubernetes/kubernetes/releases/tag/v1.2.0","2024-04-15T12:00:00Z","aplicação/serviço","unanimous","incerto","majority","nao","unanimous","nao","nao","nao",""
"kubernetes/kubernetes","https://github.com/kubernetes/kubernetes","v1.3.0","https://github.com/kubernetes/kubernetes/releases/tag/v1.3.0","2024-05-15T12:00:00Z","aplicação/serviço","unanimous","incerto","majority","sim","unanimous","sim","sim","sim",""
"kubernetes/kubernetes","https://github.com/kubernetes/kubernetes","v1.4.0","https://github.com/kubernetes/kubernetes/releases/tag/v1.4.0","2024-06-15T12:00:00Z","aplicação/serviço","unanimous","incerto","majority","nao","unanimous","nao","nao","nao",""
"kubernetes/kubernetes","https://github.com/kubernetes/kubernetes","v1.5.0","https://github.com/kubernetes/kubernetes/releases/tag/v1.5.0","2024-07-15T12:00:00Z","aplicação/serviço","unanimous","incerto","majority","nao","majority","nao","sim","nao",""
"helm/helm","https://github.com/helm/helm","v1.1.0","https://github.com/helm/helm/releases/tag/v1.1.0","2024-03-15T12:00:00Z","ferramenta cli","unanimous","sim","unanimous","sim","unanimous","sim","sim","sim",""
"helm/helm","https://github.com/helm/helm","v1.2.0","https://github.com/helm/helm/releases/tag/v1.2.0","2024-04-15T12:00:00Z","ferramenta cli","unanimous","sim","unanimous","nao","unanimous","nao","nao","nao",""
"helm/helm","https://github.com/helm/helm","v1.3.0","https://github.com/helm/helm/releases/tag/v1.3.0","2024-05-15T12:00:00Z","ferramenta cli","unanimous","sim","unanimous","sim","unanimous","sim","sim","sim",""
"helm/helm","https://github.com/helm/helm","v1.4.0","https://github.com/helm/helm/releases/tag/v1.4.0","2024-06-15T12:00:00Z","ferramenta cli","unanimous","sim","unanimous","sim","unanimous","sim","sim","sim",""
"helm/helm","https://github.com/helm/helm","v1.5.0","https://github.com/helm/helm/releases/tag/v1.5.0","2024-07-15T12:00:00Z","ferramenta cli","unanimous","sim","unanimous","nao","majority","nao","nao","sim",""
"moby/moby","https://github.com/moby/moby","v1.1.0","https://github.com/moby/moby/releases/tag/v1.1.0","2024-03-15T12:00:00Z","aplicação/serviço","unanimous","sim","unanimous","nao","unanimous","nao","nao","nao",""
"moby/moby","https://github.com/moby/moby","v1.2.0","https://github.com/moby/moby/releases/tag/v1.2.0","2024-04-15T12:00:00Z","aplicação/serviço","unanimous","sim","unanimous","sim","unanimous","sim","sim","sim",""
"moby/moby","https://github.com/moby/moby","v1.3.0","https://github.com/moby/moby/releases/tag/v1.3.0","2024-05-15T12:00:00Z","aplicação/serviço","unanimous","sim","unanimous","sim","unanimous","sim","sim","sim",""
"moby/moby","https://github.com/moby/moby","v1.4.0","https://github.com/moby/moby/releases/tag/v1.4.0","2024-06-15T12:00:00Z","aplicação/serviço","unanimous","sim","unanimous","nao","unanimous","nao","nao","nao",""
"moby/moby","https://github.com/moby/moby","v1.5.0","https://github.com/moby/moby/releases/tag/v1.5.0","2024-07-15T12:00:00Z","aplicação/serviço","unanimous","sim","unanimous","sim","unanimous","sim","sim","sim",""
"docker/compose","https://github.com/docker/compose","v1.1.0","https://github.com/docker/compose/releases/tag/v1.1.0","2024-03-15T12:00:00Z","ferramenta cli","unanimous","sim","unanimous","nao","unanimous","nao","nao","nao",""
"docker/compose","https://github.com/docker/compose","v1.2.0","https://github.com/docker/compose/releases/tag/v1.2.0","2024-04-15T12:00:00Z","ferramenta cli","unanimous","sim","unanimous","nao","unanimous","nao","nao","nao",""
"docker/compose","https://github.com/docker/compose","v1.3.0","https://github.com/docker/compose/releases/tag/v1.3.0","2024-05-15T12:00:00Z","ferramenta cli","unanimous","sim","unanimous","sim","unanimous","sim","sim","sim",""
"docker/compose","https://github.com/docker/compose","v1.4.0","https://github.com/docker/compose/releases/tag/v1.4.0","2024-06-15T12:00:00Z","ferramenta cli","unanimous","sim","unanimous","nao","unanimous","nao","nao","nao",""
"docker/compose","https://github.com/docker/compose","v1.5.0","https://github.com/docker/compose/releases/tag/v1.5.0","2024-07-15T12:00:00Z","ferramenta cli","unanimous","sim","unanimous","nao","unanimous","nao","nao","nao",""
"hashicorp/terraform","https://github.com/hashicorp/terraform","v1.1.0","https://github.com/hashicorp/terraform/releases/tag/v1.1.0","2024-03-15T12:00:00Z","ferramenta cli","unanimous","sim","unanimous","sim","unanimous","sim","sim","sim",""
"hashicorp/terraform","https://github.com/hashicorp/terraform","v1.2.0","https://github.com/hashicorp/terraform/releases/tag/v1.2.0","2024-04-15T12:00:00Z","ferramenta cli","unanimous","sim","unanimous","nao","majority","nao","sim","nao",""
"hashicorp/terraform","https://github.com/hashicorp/terraform","v1.3.0","https://github.com/hashicorp/terraform/releases/tag/v1.3.0","2024-05-15T12:00:00Z","ferramenta cli","unanimous","sim","unanimous","sim","unanimous","sim","sim","sim",""
"hashicorp/terraform","https://github.com/hashicorp/terraform","v1.4.0","https://github.com/hashicorp/terraform/releases/tag/v1.4.0","2024-06-15T12:00:00Z","ferramenta cli","unanimous","sim","unanimous","sim","unanimous","sim","sim","sim",""
"hashicorp/terraform","https://github.com/hashicorp/terraform","v1.5.0","https://github.com/hashicorp/terraform/releases/tag/v1.5.0","2024-07-15T12:00:00Z","ferramenta cli","unanimous","sim","unanimous","nao","unanimous","nao","nao","nao",""
"ansible/ansible","https://github.com/ansible/ansible","v1.1.0","https://github.com/ansible/ansible/releases/tag/v1.1.0","2024-03-15T12:00:00Z","ferramenta cli","unanimous","sim","unanimous","nao","unanimous","nao","nao","nao",""
"ansible/ansible","https://github.com/ansible/ansible","v1.2.0","https://github.com/ansible/ansible/releases/tag/v1.2.0","2024-04-15T12:00:00Z","ferramenta cli","unanimous","sim","unanimous","sim","unanimous","sim","sim","sim",""
"ansible/ansible","https://github.com/ansible/ansible","v1.3.0","https://github.com/ansible/ansible/releases/tag/v1.3.0","2024-05-15T12:00:00Z","ferramenta cli","unanimous","sim","unanimous","sim","unanimous","sim","sim","sim",""
"ansible/ansible","https://github.com/ansible/ansible","v1.4.0","https://github.com/ansible/ansible/releases/tag/v1.4.0","2024-06-15T12:00:00Z","ferramenta cli","unanimous","sim","unanimous","nao","majority","nao","nao","sim",""
"ansible/ansible","https://github.com/ansible/ansible","v1.5.0","https://github.com/ansible/ansible/releases/tag/v1.5.0","2024-07-15T12:00:00Z","ferramenta cli","unanimous","sim","unanimous","sim","unanimous","sim","sim","sim",""
"prometheus/prometheus","https://github.com/prometheus/prometheus","v1.1.0","https://github.com/prometheus/prometheus/releases/tag/v1.1.0","2024-03-15T12:00:00Z","aplicação/serviço","unanimous","sim","unanimous","nao","unanimous","nao","nao","nao",""
"prometheus/prometheus","https://github.com/prometheus/prometheus","v1.2.0","https://github.com/prometheus/prometheus/releases/tag/v1.2.0","2024-04-15T12:00:00Z","aplicação/serviço","unanimous","sim","unanimous","nao","unanimous","nao","nao","nao",""
"prometheus/prometheus","https://github.com/prometheus/prometheus","v1.3.0","https://github.com/prometheus/prometheus/releases/tag/v1.3.0","2024-05-15T12:00:00Z","aplicação/serviço","unanimous","sim","unanimous","sim","unanimous","sim","sim","sim",""
"prometheus/prometheus","https://github.com/prometheus/prometheus","v1.4.0","https://github.com/prometheus/prometheus/releases/tag/v1.4.0","2024-06-15T12:00:00Z","aplicação/serviço","unanimous","sim","unanimous","nao","unanimous","nao","nao","nao",""
"prometheus/prometheus","https://github.com/prometheus/prometheus","v1.5.0","https://github.com/prometheus/prometheus/releases/tag/v1.5.0","2024-07-15T12:00:00Z","aplicação/serviço","unanimous","sim","unanimous","nao","unanimous","nao","nao","nao",""
"grafana/grafana","https://github.com/grafana/grafana","v1.1.0","https://github.com/grafana/grafana/releases/tag/v1.1.0","2024-03-15T12:00:00Z","aplicação/serviço","unanimous","sim","unanimous","sim","unanimous","sim","sim","sim",""
"grafana/grafana","https://github.com/grafana/grafana","v1.2.0","https://github.com/grafana/grafana/releases/tag/v1.2.0","2024-04-15T12:00:00Z","aplicação/serviço","unanimous","sim","unanimous","nao","unanimous","nao","nao","nao",""
"grafana/grafana","https://github.com/grafana/grafana","v1.3.0","https://github.com/grafana/grafana/releases/tag/v1.3.0","2024-05-15T12:00:00Z","aplicação/serviço","unanimous","sim","unanimous","sim","unanimous","sim","sim","sim",""
"grafana/grafana","https://github.com/grafana/grafana","v1.4.0","https://github.com/grafana/grafana/releases/tag/v1.4.0","2024-06-15T12:00:00Z","aplicação/serviço","unanimous","sim","unanimous","sim","majority","sim","nao","sim",""
"grafana/grafana","https://github.com/grafana/grafana","v1.5.0","https://github.com/grafana/grafana/releases/tag/v1.5.0","2024-07-15T12:00:00Z","aplicação/serviço","unanimous","sim","unanimous","nao","unanimous","nao","nao","nao",""
"apache/airflow","https://github.com/apache/airflow","v1.1.0","https://github.com/apache/airflow/releases/tag/v1.1.0","2024-03-15T12:00:00Z","aplicação/serviço","unanimous","sim","unanimous","nao","unanimous","nao","nao","nao",""
"apache/airflow","https://github.com/apache/airflow","v1.2.0","https://github.com/apache/airflow/releases/tag/v1.2.0","2024-04-15T12:00:00Z","aplicação/serviço","unanimous","sim","unanimous","sim","unanimous","sim","sim","sim",""
"apache/airflow","https://github.com/apache/airflow","v1.3.0","https://github.com/apache/airflow/releases/tag/v1.3.0","2024-05-15T12:00:00Z","aplicação/serviço","unanimous","sim","unanimous","sim","unanimous","sim","sim","sim",""
"apache/airflow","https://github.com/apache/airflow","v1.4.0","https://github.com/apache/airflow/releases/tag/v1.4.0","2024-06-15T12:00:00Z","aplicação/serviço","unanimous","sim","unanimous","nao","unanimous","nao","nao","nao",""
"apache/airflow","https://github.com/apache/airflow","v1.5.0","https://github.com/apache/airflow/releases/tag/v1.5.0","2024-07-15T12:00:00Z","aplicação/serviço","unanimous","sim","unanimous","sim","unanimous","sim","sim","sim",""
"apache/spark","https://github.com/apache/spark","v1.1.0","https://github.com/apache/spark/releases/tag/v1.1.0","2024-03-15T12:00:00Z","aplicação/serviço","unanimous","sim","majority","nao","unanimous","nao","nao","nao",""
"apache/spark","https://github.com/apache/spark","v1.2.0","https://github.com/apache/spark/releases/tag/v1.2.0","2024-04-15T12:00:00Z","aplicação/serviço","unanimous","sim","majority","nao","unanimous","nao","nao","nao",""
"apache/spark","https://github.com/apache/spark","v1.3.0","https://github.com/apache/spark/releases/tag/v1.3.0","2024-05-15T12:00:00Z","aplicação/serviço","unanimous","sim","majority","sim","majority","sim","sim","nao",""
"apache/spark","https://github.com/apache/spark","v1.4.0","https://github.com/apache/spark/releases/tag/v1.4.0","2024-06-15T12:00:00Z","aplicação/serviço","unanimous","sim","majority","nao","unanimous","nao","nao","nao",""
"apache/spark","https://github.com/apache/spark","v1.5.0","https://github.com/apache/spark/releases/tag/v1.5.0","2024-07-15T12:00:00Z","aplicação/serviço","unanimous","sim","majority","nao","unanimous","nao","nao","nao",""
"elastic/elasticsearch","https://github.com/elastic/elasticsearch","v1.1.0","https://github.com/elastic/elasticsearch/releases/tag/v1.1.0","2024-03-15T12:00:00Z","aplicação/serviço","unanimous","sim","unanimous","sim","unanimous","sim","sim","sim",""
"elastic/elasticsearch","https://github.com/elastic/elasticsearch","v1.2.0","https://github.com/elastic/elasticsearch/releases/tag/v1.2.0","2024-04-15T12:00:00Z","aplicação/serviço","unanimous","sim","unanimous","nao","unanimous","nao","nao","nao",""
"elastic/elasticsearch","https://github.com/elastic/elasticsearch","v1.3.0","https://github.com/elastic/elasticsearch/releases/tag/v1.3.0","2024-05-15T12:00:00Z","aplicação/serviço","unanimous","sim","unanimous","sim","unanimous","sim","sim","sim",""
"elastic/elasticsearch","https://github.com/elastic/elasticsearch","v1.4.0","https://github.com/elastic/elasticsearch/releases/tag/v1.4.0","2024-06-15T12:00:00Z","aplicação/serviço","unanimous","sim","unanimous","sim","unanimous","sim","sim","sim",""
"elastic/elasticsearch","https://github.com/elastic/elasticsearch","v1.5.0","https://github.com/elastic/elasticsearch/releases/tag/v1.5.0","2024-07-15T12:00:00Z","aplicação/serviço","unanimous","sim","unanimous","nao","unanimous","nao","nao","nao",""
"redis/redis","https://github.com/redis/redis","v1.1.0","https://github.com/redis/redis/releases/tag/v1.1.0","2024-03-15T12:00:00Z","aplicação/serviço","unanimous","sim","unanimous","nao","majority","nao","sim","nao",""
"redis/redis","https://github.com/redis/redis","v1.2.0","https://github.com/redis/redis/releases/tag/v1.2.0","2024-04-15T12:00:00Z","aplicação/serviço","unanimous","sim","unanimous","sim","unanimous","sim","sim","sim",""
"redis/redis","https://github.com/redis/redis","v1.3.0","https://github.com/redis/redis/releases/tag/v1.3.0","2024-05-15T12:00:00Z","aplicação/serviço","unanimous","sim","unanimous","sim","unanimous","sim","sim","sim",""
"redis/redis","https://github.com/redis/redis","v1.4.0","https://github.com/redis/redis/releases/tag/v1.4.0","2024-06-15T12:00:00Z","aplicação/serviço","unanimous","sim","unanimous","nao","unanimous","nao","nao","nao",""
"redis/redis","https://github.com/redis/redis","v1.5.0","https://github.com/redis/redis/releases/tag/v1.5.0","2024-07-15T12:00:00Z","aplicação/serviço","unanimous","sim","unanimous","sim","unanimous","sim","sim","sim",""
"valkey-io/valkey","https://github.com/valkey-io/valkey","v1.1.0","https://github.com/valkey-io/valkey/releases/tag/v1.1.0","2024-03-15T12:00:00Z","aplicação/serviço","unanimous","sim","unanimous","nao","unanimous","nao","nao","nao",""
"valkey-io/valkey","https://github.com/valkey-io/valkey","v1.2.0","https://github.com/valkey-io/valkey/releases/tag/v1.2.0","2024-04-15T12:00:00Z","aplicação/serviço","unanimous","sim","unanimous","nao","unanimous","nao","nao","nao",""
"valkey-io/valkey","https://github.com/valkey-io/valkey","v1.3.0","https://github.com/valkey-io/valkey/releases/tag/v1.3.0","2024-05-15T12:00:00Z","aplicação/serviço","unanimous","sim","unanimous","sim","unanimous","sim","sim","sim",""
"valkey-io/valkey","https://github.com/valkey-io/valkey","v1.4.0","https://github.com/valkey-io/valkey/releases/tag/v1.4.0","2024-06-15T12:00:00Z","aplicação/serviço","unanimous","sim","unanimous","nao","unanimous","nao","nao","nao",""
"valkey-io/valkey","https://github.com/valkey-io/valkey","v1.5.0","https://github.com/valkey-io/valkey/releases/tag/v1.5.0","2024-07-15T12:00:00Z","aplicação/serviço","unanimous","sim","unanimous","nao","unanimous","nao","nao","nao",""
"prisma/prisma","https://github.com/prisma/prisma","v1.1.0","https://github.com/prisma/prisma/releases/tag/v1.1.0","2024-03-15T12:00:00Z","biblioteca/framework","unanimous","sim","unanimous","sim","unanimous","sim","sim","sim",""
"prisma/prisma","https://github.com/prisma/prisma","v1.2.0","https://github.com/prisma/prisma/releases/tag/v1.2.0","2024-04-15T12:00:00Z","biblioteca/framework","unanimous","sim","unanimous","nao","majority","nao","nao","sim",""
"prisma/prisma","https://github.com/prisma/prisma","v1.3.0","https://github.com/prisma/prisma/releases/tag/v1.3.0","2024-05-15T12:00:00Z","biblioteca/framework","unanimous","sim","unanimous","sim","unanimous","sim","sim","sim",""
"prisma/prisma","https://github.com/prisma/prisma","v1.4.0","https://github.com/prisma/prisma/releases/tag/v1.4.0","2024-06-15T12:00:00Z","biblioteca/framework","unanimous","sim","unanimous","sim","unanimous","sim","sim","sim",""
"prisma/prisma","https://github.com/prisma/prisma","v1.5.0","https://github.com/prisma/prisma/releases/tag/v1.5.0","2024-07-15T12:00:00Z","biblioteca/framework","unanimous","sim","unanimous","nao","unanimous","nao","nao","nao",""
"typeorm/typeorm","https://github.com/typeorm/typeorm","v1.1.0","https://github.com/typeorm/typeorm/releases/tag/v1.1.0","2024-03-15T12:00:00Z","biblioteca/framework","unanimous","sim","unanimous","nao","unanimous","nao","nao","nao",""
"typeorm/typeorm","https://github.com/typeorm/typeorm","v1.2.0","https://github.com/typeorm/typeorm/releases/tag/v1.2.0","2024-04-15T12:00:00Z","biblioteca/framework","unanimous","sim","unanimous","sim","unanimous","sim","sim","sim",""
"typeorm/typeorm","https://github.com/typeorm/typeorm","v1.3.0","https://github.com/typeorm/typeorm/releases/tag/v1.3.0","2024-05-15T12:00:00Z","biblioteca/framework","unanimous","sim","unanimous","sim","majority","sim","nao","sim",""
"typeorm/typeorm","https://github.com/typeorm/typeorm","v1.4.0","https://github.com/typeorm/typeorm/releases/tag/v1.4.0","2024-06-15T12:00:00Z","biblioteca/framework","unanimous","sim","unanimous","nao","unanimous","nao","nao","nao",""
"typeorm/typeorm","https://github.com/typeorm/typeorm","v1.5.0","https://github.com/typeorm/typeorm/releases/tag/v1.5.0","2024-07-15T12:00:00Z","biblioteca/framework","unanimous","sim","unanimous","sim","unanimous","sim","sim","sim",""
"drizzle-team/drizzle-orm","https://github.com/drizzle-team/drizzle-orm","v1.1.0","https://github.com/drizzle-team/drizzle-orm/releases/tag/v1.1.0","2024-03-15T12:00:00Z","biblioteca/framework","unanimous","sim","unanimous","nao","unanimous","nao","nao","nao",""
"drizzle-team/drizzle-orm","https://github.com/drizzle-team/drizzle-orm","v1.2.0","https://github.com/drizzle-team/drizzle-orm/releases/tag/v1.2.0","2024-04-15T12:00:00Z","biblioteca/framework","unanimous","sim","unanimous","nao","unanimous","nao","nao","nao",""
"drizzle-team/drizzle-orm","https://github.com/drizzle-team/drizzle-orm","v1.3.0","https://github.com/drizzle-team/drizzle-orm/releases/tag/v1.3.0","2024-05-15T12:00:00Z","biblioteca/framework","unanimous","sim","unanimous","sim","unanimous","sim","sim","sim",""
"drizzle-team/drizzle-orm","https://github.com/drizzle-team/drizzle-orm","v1.4.0","https://github.com/drizzle-team/drizzle-orm/releases/tag/v1.4.0","2024-06-15T12:00:00Z","biblioteca/framework","unanimous","sim","unanimous","nao","unanimous","nao","nao","nao",""
"drizzle-team/drizzle-orm","https://github.com/drizzle-team/drizzle-orm","v1.5.0","https://github.com/drizzle-team/drizzle-orm/releases/tag/v1.5.0","2024-07-15T12:00:00Z","biblioteca/framework","unanimous","sim","unanimous","nao","unanimous","nao","nao","nao",""
"vitest-dev/vitest","https://github.com/vitest-dev/vitest","v1.1.0","https://github.com/vitest-dev/vitest/releases/tag/v1.1.0","2024-03-15T12:00:00Z","biblioteca/framework","unanimous","sim","unanimous","sim","unanimous","sim","sim","sim",""
"vitest-dev/vitest","https://github.com/vitest-dev/vitest","v1.2.0","https://github.com/vitest-dev/vitest/releases/tag/v1.2.0","2024-04-15T12:00:00Z","biblioteca/framework","unanimous","sim","unanimous","nao","unanimous","nao","nao","nao",""
"vitest-dev/vitest","https://github.com/vitest-dev/vitest","v1.3.0","https://github.com/vitest-dev/vitest/releases/tag/v1.3.0","2024-05-15T12:00:00Z","biblioteca/framework","unanimous","sim","unanimous","sim","unanimous","sim","sim","sim",""
"vitest-dev/vitest","https://github.com/vitest-dev/vitest","v1.4.0","https://github.com/vitest-dev/vitest/releases/tag/v1.4.0","2024-06-15T12:00:00Z","biblioteca/framework","unanimous","sim","unanimous","sim","unanimous","sim","sim","sim",""
"vitest-dev/vitest","https://github.com/vitest-dev/vitest","v1.5.0","https://github.com/vitest-dev/vitest/releases/tag/v1.5.0","2024-07-15T12:00:00Z","biblioteca/framework","unanimous","sim","unanimous","nao","unanimous","nao","nao","nao",""
"jestjs/jest","https://github.com/jestjs/jest","v1.1.0","https://github.com/jestjs/jest/releases/tag/v1.1.0","2024-03-15T12:00:00Z","biblioteca/framework","unanimous","sim","unanimous","nao","majority","nao","nao","sim",""
"jestjs/jest","https://github.com/jestjs/jest","v1.2.0","https://github.com/jestjs/jest/releases/tag/v1.2.0","2024-04-15T12:00:00Z","biblioteca/framework","unanimous","sim","unanimous","sim","unanimous","sim","sim","sim",""
"jestjs/jest","https://github.com/jestjs/jest","v1.3.0","https://github.com/jestjs/jest/releases/tag/v1.3.0","2024-05-15T12:00:00Z","biblioteca/framework","unanimous","sim","unanimous","sim","unanimous","sim","sim","sim",""
"jestjs/jest","https://github.com/jestjs/jest","v1.4.0","https://github.com/jestjs/jest/releases/tag/v1.4.0","2024-06-15T12:00:00Z","biblioteca/framework","unanimous","sim","unanimous","nao","unanimous","nao","nao","nao",""
"jestjs/jest","https://github.com/jestjs/jest","v1.5.0","https://github.com/jestjs/jest/releases/tag/v1.5.0","2024-07-15T12:00:00Z","biblioteca/framework","unanimous","sim","unanimous","sim","majority","sim","nao","sim",""
"cypress-io/cypress","https://github.com/cypress-io/cypress","v1.1.0","https://github.com/cypress-io/cypress/releases/tag/v1.1.0","2024-03-15T12:00:00Z","biblioteca/framework","unanimous","sim","unanimous","nao","unanimous","nao","nao","nao",""
"cypress-io/cypress","https://github.com/cypress-io/cypress","v1.2.0","https://github.com/cypress-io/cypress/releases/tag/v1.2.0","2024-04-15T12:00:00Z","biblioteca/framework","unanimous","sim","unanimous","nao","unanimous","nao","nao","nao",""
"cypress-io/cypress","https://github.com/cypress-io/cypress","v1.3.0","https://github.com/cypress-io/cypress/releases/tag/v1.3.0","2024-05-15T12:00:00Z","biblioteca/framework","unanimous","sim","unanimous","sim","unanimous","sim","sim","sim",""
"cypress-io/cypress","https://github.com/cypress-io/cypress","v1.4.0","https://github.com/cypress-io/cypress/releases/tag/v1.4.0","2024-06-15T12:00:00Z","biblioteca/framework","unanimous","sim","unanimous","nao","unanimous","nao","nao","nao",""
"cypress-io/cypress","https://github.com/cypress-io/cypress","v1.5.0","https://github.com/cypress-io/cypress/releases/tag/v1.5.0","2024-07-15T12:00:00Z","biblioteca/framework","unanimous","sim","unanimous","nao","unanimous","nao","nao","nao",""
"microsoft/playwright","https://github.com/microsoft/playwright","v1.1.0","https://github.com/microsoft/playwright/releases/tag/v1.1.0","2024-03-15T12:00:00Z","biblioteca/framework","unanimous","sim","unanimous","sim","unanimous","sim","sim","sim",""
"microsoft/playwright","https://github.com/microsoft/playwright","v1.2.0","https://github.com/microsoft/playwright/releases/tag/v1.2.0","2024-04-15T12:00:00Z","biblioteca/framework","unanimous","sim","unanimous","nao","unanimous","nao","nao","nao",""
"microsoft/playwright","https://github.com/microsoft/playwright","v1.3.0","https://github.com/microsoft/playwright/releases/tag/v1.3.0","2024-05-15T12:00:00Z","biblioteca/framework","unanimous","sim","unanimous","sim","unanimous","sim","sim","sim",""
"microsoft/playwright","https://github.com/microsoft/playwright","v1.4.0","https://github.com/microsoft/playwright/releases/tag/v1.4.0","2024-06-15T12:00:00Z","biblioteca/framework","unanimous","sim","unanimous","sim","unanimous","sim","sim","sim",""
"microsoft/playwright","https://github.com/microsoft/playwright","v1.5.0","https://github.com/microsoft/playwright/releases/tag/v1.5.0","2024-07-15T12:00:00Z","biblioteca/framework","unanimous","sim","unanimous","nao","unanimous","nao","nao","nao",""