"repository","repo_url","default_branch","release_tag","release_url","release_published_at"
"cli/cli","https://github.com/cli/cli","trunk","v1.1.0","https://github.com/cli/cli/releases/tag/v1.1.0","2024-03-15T12:00:00Z"
"cli/cli","https://github.com/cli/cli","trunk","v1.2.0","https://github.com/cli/cli/releases/tag/v1.2.0","2024-04-15T12:00:00Z"
"cli/cli","https://github.com/cli/cli","trunk","v1.3.0","https://github.com/cli/cli/releases/tag/v1.3.0","2024-05-15T12:00:00Z"
"cli/cli","https://github.com/cli/cli","trunk","v1.4.0","https://github.com/cli/cli/releases/tag/v1.4.0","2024-06-15T12:00:00Z"
"cli/cli","https://github.com/cli/cli","trunk","v1.5.0","https://github.com/cli/cli/releases/tag/v1.5.0","2024-07-15T12:00:00Z"
"pytest-dev/pytest","https://github.com/pytest-dev/pytest","main","v1.1.0","https://github.com/pytest-dev/pytest/releases/tag/v1.1.0","2024-03-15T12:00:00Z"
"pytest-dev/pytest","https://github.com/pytest-dev/pytest","main","v1.2.0","https://github.com/pytest-dev/pytest/releases/tag/v1.2.0","2024-04-15T12:00:00Z"
"pytest-dev/pytest","https://github.com/pytest-dev/pytest","main","v1.3.0","https://github.com/pytest-dev/pytest/releases/tag/v1.3.0","2024-05-15T12:00:00Z"
"pytest-dev/pytest","https://github.com/pytest-dev/pytest","main","v1.4.0","https://github.com/pytest-dev/pytest/releases/tag/v1.4.0","2024-06-15T12:00:00Z"
"pytest-dev/pytest","https://github.com/pytest-dev/pytest","main","v1.5.0","https://github.com/pytest-dev/pytest/releases/tag/v1.5.0","2024-07-15T12:00:00Z"
"facebook/docusaurus","https://github.com/facebook/docusaurus","main","v1.1.0","https://github.com/facebook/docusaurus/releases/tag/v1.1.0","2024-03-15T12:00:00Z"
"facebook/docusaurus","https://github.com/facebook/docusaurus","main","v1.2.0","https://github.com/facebook/docusaurus/releases/tag/v1.2.0","2024-04-15T12:00:00Z"
"facebook/docusaurus","https://github.com/facebook/docusaurus","main","v1.3.0","https://github.com/facebook/docusaurus/releases/tag/v1.3.0","2024-05-15T12:00:00Z"
"facebook/docusaurus","https://github.com/facebook/docusaurus","main","v1.4.0","https://github.com/facebook/docusaurus/releases/tag/v1.4.0","2024-06-15T12:00:00Z"
"facebook/docusaurus","https://github.com/facebook/docusaurus","main","v1.5.0","https://github.com/facebook/docusaurus/releases/tag/v1.5.0","2024-07-15T12:00:00Z"
"expressjs/express","https://github.com/expressjs/express","master","v1.1.0","https://github.com/expressjs/express/releases/tag/v1.1.0","2024-03-15T12:00:00Z"
"expressjs/express","https://github.com/expressjs/express","master","v1.2.0","https://github.com/expressjs/express/releases/tag/v1.2.0","2024-04-15T12:00:00Z"
"expressjs/express","https://github.com/expressjs/express","master","v1.3.0","https://github.com/expressjs/express/releases/tag/v1.3.0","2024-05-15T12:00:00Z"
"expressjs/express","https://github.com/expressjs/express","master","v1.4.0","https://github.com/expressjs/express/releases/tag/v1.4.0","2024-06-15T12:00:00Z"
"expressjs/express","https://github.com/expressjs/express","master","v1.5.0","https://github.com/expressjs/express/releases/tag/v1.5.0","2024-07-15T12:00:00Z"
"fastify/fastify","https://github.com/fastify/fastify","main","v1.1.0","https://github.com/fastify/fastify/releases/tag/v1.1.0","2024-03-15T12:00:00Z"
"fastify/fastify","https://github.com/fastify/fastify","main","v1.2.0","https://github.com/fastify/fastify/releases/tag/v1.2.0","2024-04-15T12:00:00Z"
"fastify/fastify","https://github.com/fastify/fastify","main","v1.3.0","https://github.com/fastify/fastify/releases/tag/v1.3.0","2024-05-15T12:00:00Z"
"fastify/fastify","https://github.com/fastify/fastify","main","v1.4.0","https://github.com/fastify/fastify/releases/tag/v1.4.0","2024-06-15T12:00:00Z"
"fastify/fastify","https://github.com/fastify/fastify","main","v1.5.0","https://github.com/fastify/fastify/releases/tag/v1.5.0","2024-07-15T12:00:00Z"
"pallets/flask","https://github.com/pallets/flask","main","v1.1.0","https://github.com/pallets/flask/releases/tag/v1.1.0","2024-03-15T12:00:00Z"
"pallets/flask","https://github.com/pallets/flask","main","v1.2.0","https://github.com/pallets/flask/releases/tag/v1.2.0","2024-04-15T12:00:00Z"
"pallets/flask","https://github.com/pallets/flask","main","v1.3.0","https://github.com/pallets/flask/releases/tag/v1.3.0","2024-05-15T12:00:00Z"
"pallets/flask","https://github.com/pallets/flask","main","v1.4.0","https://github.com/pallets/flask/releases/tag/v1.4.0","2024-06-15T12:00:00Z"
"pallets/flask","https://github.com/pallets/flask","main","v1.5.0","https://github.com/pallets/flask/releases/tag/v1.5.0","2024-07-15T12:00:00Z"
"django/django","https://github.com/django/django","main","v1.1.0","https://github.com/django/django/releases/tag/v1.1.0","2024-03-15T12:00:00Z"
"django/django","https://github.com/django/django","main","v1.2.0","https://github.com/django/django/releases/tag/v1.2.0","2024-04-15T12:00:00Z"
"django/django","https://github.com/django/django","main","v1.3.0","https://github.com/django/django/releases/tag/v1.3.0","2024-05-15T12:00:00Z"
"django/django","https://github.com/django/django","main","v1.4.0","https://github.com/django/django/releases/tag/v1.4.0","2024-06-15T12:00:00Z"
"django/django","https://github.com/django/django","main","v1.5.0","https://github.com/django/django/releases/tag/v1.5.0","2024-07-15T12:00:00Z"
"tiangolo/fastapi","https://github.com/tiangolo/fastapi","master","v1.1.0","https://github.com/tiangolo/fastapi/releases/tag/v1.1.0","2024-03-15T12:00:00Z"
"tiangolo/fastapi","https://github.com/tiangolo/fastapi","master","v1.2.0","https://github.com/tiangolo/fastapi/releases/tag/v1.2.0","2024-04-15T12:00:00Z"
"tiangolo/fastapi","https://github.com/tiangolo/fastapi","master","v1.3.0","https://github.com/tiangolo/fastapi/releases/tag/v1.3.0","2024-05-15T12:00:00Z"
"tiangolo/fastapi","https://github.com/tiangolo/fastapi","master","v1.4.0","https://github.com/tiangolo/fastapi/releases/tag/v1.4.0","2024-06-15T12:00:00Z"
"tiangolo/fastapi","https://github.com/tiangolo/fastapi","master","v1.5.0","https://github.com/tiangolo/fastapi/releases/tag/v1.5.0","2024-07-15T12:00:00Z"
"psf/black","https://github.com/psf/black","main","v1.1.0","https://github.com/psf/black/releases/tag/v1.1.0","2024-03-15T12:00:00Z"
"psf/black","https://github.com/psf/black","main","v1.2.0","https://github.com/psf/black/releases/tag/v1.2.0","2024-04-15T12:00:00Z"
"psf/black","https://github.com/psf/black","main","v1.3.0","https://github.com/psf/black/releases/tag/v1.3.0","2024-05-15T12:00:00Z"
"psf/black","https://github.com/psf/black","main","v1.4.0","https://github.com/psf/black/releases/tag/v1.4.0","2024-06-15T12:00:00Z"
"psf/black","https://github.com/psf/black","main","v1.5.0","https://github.com/psf/black/releases/tag/v1.5.0","2024-07-15T12:00:00Z"
"astral-sh/uv","https://github.com/astral-sh/uv","main","v1.1.0","https://github.com/astral-sh/uv/releases/tag/v1.1.0","2024-03-15T12:00:00Z"
"astral-sh/uv","https://github.com/astral-sh/uv","main","v1.2.0","https://github.com/astral-sh/uv/releases/tag/v1.2.0","2024-04-15T12:00:00Z"
"astral-sh/uv","https://github.com/astral-sh/uv","main","v1.3.0","https://github.com/astral-sh/uv/releases/tag/v1.3.0","2024-05-15T12:00:00Z"
"astral-sh/uv","https://github.com/astral-sh/uv","main","v1.4.0","https://github.com/astral-sh/uv/releases/tag/v1.4.0","2024-06-15T12:00:00Z"
"astral-sh/uv","https://github.com/astral-sh/uv","main","v1.5.0","https://github.com/astral-sh/uv/releases/tag/v1.5.0","2024-07-15T12:00:00Z"
"astral-sh/ruff","https://github.com/astral-sh/ruff","main","v1.1.0","https://github.com/astral-sh/ruff/releases/tag/v1.1.0","2024-03-15T12:00:00Z"
"astral-sh/ruff","https://github.com/astral-sh/ruff","main","v1.2.0","https://github.com/astral-sh/ruff/releases/tag/v1.2.0","2024-04-15T12:00:00Z"
"astral-sh/ruff","https://github.com/astral-sh/ruff","main","v1.3.0","https://github.com/astral-sh/ruff/releases/tag/v1.3.0","2024-05-15T12:00:00Z"
"astral-sh/ruff","https://github.com/astral-sh/ruff","main","v1.4.0","https://github.com/astral-sh/ruff/releases/tag/v1.4.0","2024-06-15T12:00:00Z"
"astral-sh/ruff","https://github.com/astral-sh/ruff","main","v1.5.0","https://github.com/astral-sh/ruff/releases/tag/v1.5.0","2024-07-15T12:00:00Z"
"golang/go","https://github.com/golang/go","master","v1.1.0","https://github.com/golang/go/releases/tag/v1.1.0","2024-03-15T12:00:00Z"
"golang/go","https://github.com/golang/go","master","v1.2.0","https://github.com/golang/go/releases/tag/v1.2.0","2024-04-15T12:00:00Z"
"golang/go","https://github.com/golang/go","master","v1.3.0","https://github.com/golang/go/releases/tag/v1.3.0","2024-05-15T12:00:00Z"
"golang/go","https://github.com/golang/go","master","v1.4.0","https://github.com/golang/go/releases/tag/v1.4.0","2024-06-15T12:00:00Z"
"golang/go","https://github.com/golang/go","master","v1.5.0","https://github.com/golang/go/releases/tag/v1.5.0","2024-07-15T12:00:00Z"
"charmbracelet/bubbletea","https://github.com/charmbracelet/bubbletea","master","v1.1.0","https://github.com/charmbracelet/bubbletea/releases/tag/v1.1.0","2024-03-15T12:00:00Z"
"charmbracelet/bubbletea","https://github.com/charmbracelet/bubbletea","master","v1.2.0","https://github.com/charmbracelet/bubbletea/releases/tag/v1.2.0","2024-04-15T12:00:00Z"
"charmbracelet/bubbletea","https://github.com/charmbracelet/bubbletea","master","v1.3.0","https://github.com/charmbracelet/bubbletea/releases/tag/v1.3.0","2024-05-15T12:00:00Z"
"charmbracelet/bubbletea","https://github.com/charmbracelet/bubbletea","master","v1.4.0","https://github.com/charmbracelet/bubbletea/releases/tag/v1.4.0","2024-06-15T12:00:00Z"
"charmbracelet/bubbletea","https://github.com/charmbracelet/bubbletea","master","v1.5.0","https://github.com/charmbracelet/bubbletea/releases/tag/v1.5.0","2024-07-15T12:00:00Z"
"junegunn/fzf","https://github.com/junegunn/fzf","master","v1.1.0","https://github.com/junegunn/fzf/releases/tag/v1.1.0","2024-03-15T12:00:00Z"
"junegunn/fzf","https://github.com/junegunn/fzf","master","v1.2.0","https://github.com/junegunn/fzf/releases/tag/v1.2.0","2024-04-15T12:00:00Z"
"junegunn/fzf","https://github.com/junegunn/fzf","master","v1.3.0","https://github.com/junegunn/fzf/releases/tag/v1.3.0","2024-05-15T12:00:00Z"
"junegunn/fzf","https://github.com/junegunn/fzf","master","v1.4.0","https://github.com/junegunn/fzf/releases/tag/v1.4.0","2024-06-15T12:00:00Z"
"junegunn/fzf","https://github.com/junegunn/fzf","master","v1.5.0","https://github.com/junegunn/fzf/releases/tag/v1.5.0","2024-07-15T12:00:00Z"
"sharkdp/bat","https://github.com/sharkdp/bat","master","v1.1.0","https://github.com/sharkdp/bat/releases/tag/v1.1.0","2024-03-15T12:00:00Z"
"sharkdp/bat","https://github.com/sharkdp/bat","master","v1.2.0","https://github.com/sharkdp/bat/releases/tag/v1.2.0","2024-04-15T12:00:00Z"
"sharkdp/bat","https://github.com/sharkdp/bat","master","v1.3.0","https://github.com/sharkdp/bat/releases/tag/v1.3.0","2024-05-15T12:00:00Z"
"sharkdp/bat","https://github.com/sharkdp/bat","master","v1.4.0","https://github.com/sharkdp/bat/releases/tag/v1.4.0","2024-06-15T12:00:00Z"
"sharkdp/bat","https://github.com/sharkdp/bat","master","v1.5.0","https://github.com/sharkdp/bat/releases/tag/v1.5.0","2024-07-15T12:00:00Z"
"sharkdp/fd","https://github.com/sharkdp/fd","master","v1.1.0","https://github.com/sharkdp/fd/releases/tag/v1.1.0","2024-03-15T12:00:00Z"
"sharkdp/fd","https://github.com/sharkdp/fd","master","v1.2.0","https://github.com/sharkdp/fd/releases/tag/v1.2.0","2024-04-15T12:00:00Z"
"sharkdp/fd","https://github.com/sharkdp/fd","master","v1.3.0","https://github.com/sharkdp/fd/releases/tag/v1.3.0","2024-05-15T12:00:00Z"
"sharkdp/fd","https://github.com/sharkdp/fd","master","v1.4.0","https://github.com/sharkdp/fd/releases/tag/v1.4.0","2024-06-15T12:00:00Z"
"sharkdp/fd","https://github.com/sharkdp/fd","master","v1.5.0","https://github.com/sharkdp/fd/releases/tag/v1.5.0","2024-07-15T12:00:00Z"
"BurntSushi/ripgrep","https://github.com/BurntSushi/ripgrep","master","v1.1.0","https://github.com/BurntSushi/ripgrep/releases/tag/v1.1.0","2024-03-15T12:00:00Z"
"BurntSushi/ripgrep","https://github.com/BurntSushi/ripgrep","master","v1.2.0","https://github.com/BurntSushi/ripgrep/releases/tag/v1.2.0","2024-04-15T12:00:00Z"
"BurntSushi/ripgrep","https://github.com/BurntSushi/ripgrep","master","v1.3.0","https://github.com/BurntSushi/ripgrep/releases/tag/v1.3.0","2024-05-15T12:00:00Z"
"BurntSushi/ripgrep","https://github.com/BurntSushi/ripgrep","master","v1.4.0","https://github.com/BurntSushi/ripgrep/releases/tag/v1.4.0","2024-06-15T12:00:00Z"
"BurntSushi/ripgrep","https://github.com/BurntSushi/ripgrep","master","v1.5.0","https://github.com/BurntSushi/ripgrep/releases/tag/v1.5.0","2024-07-15T12:00:00Z"
"starship/starship","https://github.com/starship/starship","master","v1.1.0","https://github.com/starship/starship/releases/tag/v1.1.0","2024-03-15T12:00:00Z"
"starship/starship","https://github.com/starship/starship","master","v1.2.0","https://github.com/starship/starship/releases/tag/v1.2.0","2024-04-15T12:00:00Z"
"starship/starship","https://github.com/starship/starship","master","v1.3.0","https://github.com/starship/starship/releases/tag/v1.3.0","2024-05-15T12:00:00Z"
"starship/starship","https://github.com/starship/starship","master","v1.4.0","https://github.com/starship/starship/releases/tag/v1.4.0","2024-06-15T12:00:00Z"
"starship/starship","https://github.com/starship/starship","master","v1.5.0","https://github.com/starship/starship/releases/tag/v1.5.0","2024-07-15T12:00:00Z"
"neovim/neovim","https://github.com/neovim/neovim","master","v1.1.0","https://github.com/neovim/neovim/releases/tag/v1.1.0","2024-03-15T12:00:00Z"
"neovim/neovim","https://github.com/neovim/neovim","master","v1.2.0","https://github.com/neovim/neovim/releases/tag/v1.2.0","2024-04-15T12:00:00Z"
"neovim/neovim","https://github.com/neovim/neovim","master","v1.3.0","https://github.com/neovim/neovim/releases/tag/v1.3.0","2024-05-15T12:00:00Z"
"neovim/neovim","https://github.com/neovim/neovim","master","v1.4.0","https://github.com/neovim/neovim/releases/tag/v1.4.0","2024-06-15T12:00:00Z"
"neovim/neovim","https://github.com/neovim/neovim","master","v1.5.0","https://github.com/neovim/neovim/releases/tag/v1.5.0","2024-07-15T12:00:00Z"
"helix-editor/helix","https://github.com/helix-editor/helix","master","v1.1.0","https://github.com/helix-editor/helix/releases/tag/v1.1.0","2024-03-15T12:00:00Z"
"helix-editor/helix","https://github.com/helix-editor/helix","master","v1.2.0","https://github.com/helix-editor/helix/releases/tag/v1.2.0","2024-04-15T12:00:00Z"
"helix-editor/helix","https://github.com/helix-editor/helix","master","v1.3.0","https://github.com/helix-editor/helix/releases/tag/v1.3.0","2024-05-15T12:00:00Z"
"helix-editor/helix","https://github.com/helix-editor/helix","master","v1.4.0","https://github.com/helix-editor/helix/releases/tag/v1.4.0","2024-06-15T12:00:00Z"
"helix-editor/helix","https://github.com/helix-editor/helix","master","v1.5.0","https://github.com/helix-editor/helix/releases/tag/v1.5.0","2024-07-15T12:00:00Z"
"alacritty/alacritty","https://github.com/alacritty/alacritty","master","v1.1.0","https://github.com/alacritty/alacritty/releases/tag/v1.1.0","2024-03-15T12:00:00Z"
"alacritty/alacritty","https://github.com/alacritty/alacritty","master","v1.2.0","https://github.com/alacritty/alacritty/releases/tag/v1.2.0","2024-04-15T12:00:00Z"
"alacritty/alacritty","https://github.com/alacritty/alacritty","master","v1.3.0","https://github.com/alacritty/alacritty/releases/tag/v1.3.0","2024-05-15T12:00:00Z"
"alacritty/alacritty","https://github.com/alacritty/alacritty","master","v1.4.0","https://github.com/alacritty/alacritty/releases/tag/v1.4.0","2024-06-15T12:00:00Z"
"alacritty/alacritty","https://github.com/alacritty/alacritty","master","v1.5.0","https://github.com/alacritty/alacritty/releases/tag/v1.5.0","2024-07-15T12:00:00Z"
"zellij-org/zellij","https://github.com/zellij-org/zellij","main","v1.1.0","https://github.com/zellij-org/zellij/releases/tag/v1.1.0","2024-03-15T12:00:00Z"
"zellij-org/zellij","https://github.com/zellij-org/zellij","main","v1.2.0","https://github.com/zellij-org/zellij/releases/tag/v1.2.0","2024-04-15T12:00:00Z"
"zellij-org/zellij","https://github.com/zellij-org/zellij","main","v1.3.0","https://github.com/zellij-org/zellij/releases/tag/v1.3.0","2024-05-15T12:00:00Z"
"zellij-org/zellij","https://github.com/zellij-org/zellij","main","v1.4.0","https://github.com/zellij-org/zellij/releases/tag/v1.4.0","2024-06-15T12:00:00Z"
"zellij-org/zellij","https://github.com/zellij-org/zellij","main","v1.5.0","https://github.com/zellij-org/zellij/releases/tag/v1.5.0","2024-07-15T12:00:00Z"
"tauri-apps/tauri","https://github.com/tauri-apps/tauri","dev","v1.1.0","https://github.com/tauri-apps/tauri/releases/tag/v1.1.0","2024-03-15T12:00:00Z"
"tauri-apps/tauri","https://github.com/tauri-apps/tauri","dev","v1.2.0","https://github.com/tauri-apps/tauri/releases/tag/v1.2.0","2024-04-15T12:00:00Z"
"tauri-apps/tauri","https://github.com/tauri-apps/tauri","dev","v1.3.0","https://github.com/tauri-apps/tauri/releases/tag/v1.3.0","2024-05-15T12:00:00Z"
"tauri-apps/tauri","https://github.com/tauri-apps/tauri","dev","v1.4.0","https://github.com/tauri-apps/tauri/releases/tag/v1.4.0","2024-06-15T12:00:00Z"
"tauri-apps/tauri","https://github.com/tauri-apps/tauri","dev","v1.5.0","https://github.com/tauri-apps/tauri/releases/tag/v1.5.0","2024-07-15T12:00:00Z"
"electron/electron","https://github.com/electron/electron","main","v1.1.0","https://github.com/electron/electron/releases/tag/v1.1.0","2024-03-15T12:00:00Z"
"electron/electron","https://github.com/electron/electron","main","v1.2.0","https://github.com/electron/electron/releases/tag/v1.2.0","2024-04-15T12:00:00Z"
"electron/electron","https://github.com/electron/electron","main","v1.3.0","https://github.com/electron/electron/releases/tag/v1.3.0","2024-05-15T12:00:00Z"
"electron/electron","https://github.com/electron/electron","main","v1.4.0","https://github.com/electron/electron/releases/tag/v1.4.0","2024-06-15T12:00:00Z"
"electron/electron","https://github.com/electron/electron","main","v1.5.0","https://github.com/electron/electron/releases/tag/v1.5.0","2024-07-15T12:00:00Z"
"denoland/deno","https://github.com/denoland/deno","main","v1.1.0","https://github.com/denoland/deno/releases/tag/v1.1.0","2024-03-15T12:00:00Z"
"denoland/deno","https://github.com/denoland/deno","main","v1.2.0","https://github.com/denoland/deno/releases/tag/v1.2.0","2024-04-15T12:00:00Z"
"denoland/deno","https://github.com/denoland/deno","main","v1.3.0","https://github.com/denoland/deno/releases/tag/v1.3.0","2024-05-15T12:00:00Z"
"denoland/deno","https://github.com/denoland/deno","main","v1.4.0","https://github.com/denoland/deno/releases/tag/v1.4.0","2024-06-15T12:00:00Z"
"denoland/deno","https://github.com/denoland/deno","main","v1.5.0","https://github.com/denoland/deno/releases/tag/v1.5.0","2024-07-15T12:00:00Z"
"oven-sh/bun","https://github.com/oven-sh/bun","main","v1.1.0","https://github.com/oven-sh/bun/releases/tag/v1.1.0","2024-03-15T12:00:00Z"
"oven-sh/bun","https://github.com/oven-sh/bun","main","v1.2.0","https://github.com/oven-sh/bun/releases/tag/v1.2.0","2024-04-15T12:00:00Z"
"oven-sh/bun","https://github.com/oven-sh/bun","main","v1.3.0","https://github.com/oven-sh/bun/releases/tag/v1.3.0","2024-05-15T12:00:00Z"
"oven-sh/bun","https://github.com/oven-sh/bun","main","v1.4.0","https://github.com/oven-sh/bun/releases/tag/v1.4.0","2024-06-15T12:00:00Z"
"oven-sh/bun","https://github.com/oven-sh/bun","main","v1.5.0","https://github.com/oven-sh/bun/releases/tag/v1.5.0","2024-07-15T12:00:00Z"
"nodejs/node","https://github.com/nodejs/node","main","v1.1.0","https://github.com/nodejs/node/releases/tag/v1.1.0","2024-03-15T12:00:00Z"
"nodejs/node","https://github.com/nodejs/node","main","v1.2.0","https://github.com/nodejs/node/releases/tag/v1.2.0","2024-04-15T12:00:00Z"
"nodejs/node","https://github.com/nodejs/node","main","v1.3.0","https://github.com/nodejs/node/releases/tag/v1.3.0","2024-05-15T12:00:00Z"
"nodejs/node","https://github.com/nodejs/node","main","v1.4.0","https://github.com/nodejs/node/releases/tag/v1.4.0","2024-06-15T12:00:00Z"
"nodejs/node","https://github.com/nodejs/node","main","v1.5.0","https://github.com/nodejs/node/releases/tag/v1.5.0","2024-07-15T12:00:00Z"
"yarnpkg/berry","https://github.com/yarnpkg/berry","master","v1.1.0","https://github.com/yarnpkg/berry/releases/tag/v1.1.0","2024-03-15T12:00:00Z"
"yarnpkg/berry","https://github.com/yarnpkg/berry","master","v1.2.0","https://github.com/yarnpkg/berry/releases/tag/v1.2.0","2024-04-15T12:00:00Z"
"yarnpkg/berry","https://github.com/yarnpkg/berry","master","v1.3.0","https://github.com/yarnpkg/berry/releases/tag/v1.3.0","2024-05-15T12:00:00Z"
"yarnpkg/berry","https://github.com/yarnpkg/berry","master","v1.4.0","https://github.com/yarnpkg/berry/releases/tag/v1.4.0","2024-06-15T12:00:00Z"
"yarnpkg/berry","https://github.com/yarnpkg/berry","master","v1.5.0","https://github.com/yarnpkg/berry/releases/tag/v1.5.0","2024-07-15T12:00:00Z"
"pnpm/pnpm","https://github.com/pnpm/pnpm","main","v1.1.0","https://github.com/pnpm/pnpm/releases/tag/v1.1.0","2024-03-15T12:00:00Z"
"pnpm/pnpm","https://github.com/pnpm/pnpm","main","v1.2.0","https://github.com/pnpm/pnpm/releases/tag/v1.2.0","2024-04-15T12:00:00Z"
"pnpm/pnpm","https://github.com/pnpm/pnpm","main","v1.3.0","https://github.com/pnpm/pnpm/releases/tag/v1.3.0","2024-05-15T12:00:00Z"
"pnpm/pnpm","https://github.com/pnpm/pnpm","main","v1.4.0","https://github.com/pnpm/pnpm/releases/tag/v1.4.0","2024-06-15T12:00:00Z"
"pnpm/pnpm","https://github.com/pnpm/pnpm","main","v1.5.0","https://github.com/pnpm/pnpm/releases/tag/v1.5.0","2024-07-15T12:00:00Z"
"vercel/turbo","https://github.com/vercel/turbo","main","v1.1.0","https://github.com/vercel/turbo/releases/tag/v1.1.0","2024-03-15T12:00:00Z"
"vercel/turbo","https://github.com/vercel/turbo","main","v1.2.0","https://github.com/vercel/turbo/releases/tag/v1.2.0","2024-04-15T12:00:00Z"
"vercel/turbo","https://github.com/vercel/turbo","main","v1.3.0","https://github.com/vercel/turbo/releases/tag/v1.3.0","2024-05-15T12:00:00Z"
"vercel/turbo","https://github.com/vercel/turbo","main","v1.4.0","https://github.com/vercel/turbo/releases/tag/v1.4.0","2024-06-15T12:00:00Z"
"vercel/turbo","https://github.com/vercel/turbo","main","v1.5.0","https://github.com/vercel/turbo/releases/tag/v1.5.0","2024-07-15T12:00:00Z"
"vitejs/vite","https://github.com/vitejs/vite","main","v1.1.0","https://github.com/vitejs/vite/releases/tag/v1.1.0","2024-03-15T12:00:00Z"
"vitejs/vite","https://github.com/vitejs/vite","main","v1.2.0","https://github.com/vitejs/vite/releases/tag/v1.2.0","2024-04-15T12:00:00Z"
"vitejs/vite","https://github.com/vitejs/vite","main","v1.3.0","https://github.com/vitejs/vite/releases/tag/v1.3.0","2024-05-15T12:00:00Z"
"vitejs/vite","https://github.com/vitejs/vite","main","v1.4.0","https://github.com/vitejs/vite/releases/tag/v1.4.0","2024-06-15T12:00:00Z"
"vitejs/vite","https://github.com/vitejs/vite","main","v1.5.0","https://github.com/vitejs/vite/releases/tag/v1.5.0","2024-07-15T12:00:00Z"
"rollup/rollup","https://github.com/rollup/rollup","master","v1.1.0","https://github.com/rollup/rollup/releases/tag/v1.1.0","2024-03-15T12:00:00Z"
"rollup/rollup","https://github.com/rollup/rollup","master","v1.2.0","https://github.com/rollup/rollup/releases/tag/v1.2.0","2024-04-15T12:00:00Z"
"rollup/rollup","https://github.com/rollup/rollup","master","v1.3.0","https://github.com/rollup/rollup/releases/tag/v1.3.0","2024-05-15T12:00:00Z"
"rollup/rollup","https://github.com/rollup/rollup","master","v1.4.0","https://github.com/rollup/rollup/releases/tag/v1.4.0","2024-06-15T12:00:00Z"
"rollup/rollup","https://github.com/rollup/rollup","master","v1.5.0","https://github.com/rollup/rollup/releases/tag/v1.5.0","2024-07-15T12:00:00Z"
"webpack/webpack","https://github.com/webpack/webpack","main","v1.1.0","https://github.com/webpack/webpack/releases/tag/v1.1.0","2024-03-15T12:00:00Z"
"webpack/webpack","https://github.com/webpack/webpack","main","v1.2.0","https://github.com/webpack/webpack/releases/tag/v1.2.0","2024-04-15T12:00:00Z"
"webpack/webpack","https://github.com/webpack/webpack","main","v1.3.0","https://github.com/webpack/webpack/releases/tag/v1.3.0","2024-05-15T12:00:00Z"
"webpack/webpack","https://github.com/webpack/webpack","main","v1.4.0","https://github.com/webpack/webpack/releases/tag/v1.4.0","2024-06-15T12:00:00Z"
"webpack/webpack","https://github.com/webpack/webpack","main","v1.5.0","https://github.com/webpack/webpack/releases/tag/v1.5.0","2024-07-15T12:00:00Z"
"esbuild/esbuild","https://github.com/esbuild/esbuild","main","v1.1.0","https://github.com/esbuild/esbuild/releases/tag/v1.1.0","2024-03-15T12:00:00Z"
"esbuild/esbuild","https://github.com/esbuild/esbuild","main","v1.2.0","https://github.com/esbuild/esbuild/releases/tag/v1.2.0","2024-04-15T12:00:00Z"
"esbuild/esbuild","https://github.com/esbuild/esbuild","main","v1.3.0","https://github.com/esbuild/esbuild/releases/tag/v1.3.0","2024-05-15T12:00:00Z"
"esbuild/esbuild","https://github.com/esbuild/esbuild","main","v1.4.0","https://github.com/esbuild/esbuild/releases/tag/v1.4.0","2024-06-15T12:00:00Z"
"esbuild/esbuild","https://github.com/esbuild/esbuild","main","v1.5.0","https://github.com/esbuild/esbuild/releases/tag/v1.5.0","2024-07-15T12:00:00Z"
"tailwindlabs/tailwindcss","https://github.com/tailwindlabs/tailwindcss","master","v1.1.0","https://github.com/tailwindlabs/tailwindcss/releases/tag/v1.1.0","2024-03-15T12:00:00Z"
"tailwindlabs/tailwindcss","https://github.com/tailwindlabs/tailwindcss","master","v1.2.0","https://github.com/tailwindlabs/tailwindcss/releases/tag/v1.2.0","2024-04-15T12:00:00Z"
"tailwindlabs/tailwindcss","https://github.com/tailwindlabs/tailwindcss","master","v1.3.0","https://github.com/tailwindlabs/tailwindcss/releases/tag/v1.3.0","2024-05-15T12:00:00Z"
"tailwindlabs/tailwindcss","https://github.com/tailwindlabs/tailwindcss","master","v1.4.0","https://github.com/tailwindlabs/tailwindcss/releases/tag/v1.4.0","2024-06-15T12:00:00Z"
"tailwindlabs/tailwindcss","https://github.com/tailwindlabs/tailwindcss","master","v1.5.0","https://github.com/tailwindlabs/tailwindcss/releases/tag/v1.5.0","2024-07-15T12:00:00Z"
"reduxjs/redux-toolkit","https://github.com/reduxjs/redux-toolkit","master","v1.1.0","https://github.com/reduxjs/redux-toolkit/releases/tag/v1.1.0","2024-03-15T12:00:00Z"
"reduxjs/redux-toolkit","https://github.com/reduxjs/redux-toolkit","master","v1.2.0","https://github.com/reduxjs/redux-toolkit/releases/tag/v1.2.0","2024-04-15T12:00:00Z"
"reduxjs/redux-toolkit","https://github.com/reduxjs/redux-toolkit","master","v1.3.0","https://github.com/reduxjs/redux-toolkit/releases/tag/v1.3.0","2024-05-15T12:00:00Z"
"reduxjs/redux-toolkit","https://github.com/reduxjs/redux-toolkit","master","v1.4.0","https://github.com/reduxjs/redux-toolkit/releases/tag/v1.4.0","2024-06-15T12:00:00Z"
"reduxjs/redux-toolkit","https://github.com/reduxjs/redux-toolkit","master","v1.5.0","https://github.com/reduxjs/redux-toolkit/releases/tag/v1.5.0","2024-07-15T12:00:00Z"
"facebook/react","https://github.com/facebook/react","main","v1.1.0","https://github.com/facebook/react/releases/tag/v1.1.0","2024-03-15T12:00:00Z"
"facebook/react","https://github.com/facebook/react","main","v1.2.0","https://github.com/facebook/react/releases/tag/v1.2.0","2024-04-15T12:00:00Z"
"facebook/react","https://github.com/facebook/react","main","v1.3.0","https://github.com/facebook/react/releases/tag/v1.3.0","2024-05-15T12:00:00Z"
"facebook/react","https://github.com/facebook/react","main","v1.4.0","https://github.com/facebook/react/releases/tag/v1.4.0","2024-06-15T12:00:00Z"
"facebook/react","https://github.com/facebook/react","main","v1.5.0","https://github.com/facebook/react/releases/tag/v1.5.0","2024-07-15T12:00:00Z"
"vuejs/core","https://github.com/vuejs/core","main","v1.1.0","https://github.com/vuejs/core/releases/tag/v1.1.0","2024-03-15T12:00:00Z"
"vuejs/core","https://github.com/vuejs/core","main","v1.2.0","https://github.com/vuejs/core/releases/tag/v1.2.0","2024-04-15T12:00:00Z"
"vuejs/core","https://github.com/vuejs/core","main","v1.3.0","https://github.com/vuejs/core/releases/tag/v1.3.0","2024-05-15T12:00:00Z"
"vuejs/core","https://github.com/vuejs/core","main","v1.4.0","https://github.com/vuejs/core/releases/tag/v1.4.0","2024-06-15T12:00:00Z"
"vuejs/core","https://github.com/vuejs/core","main","v1.5.0","https://github.com/vuejs/core/releases/tag/v1.5.0","2024-07-15T12:00:00Z"
"sveltejs/svelte","https://github.com/sveltejs/svelte","main","v1.1.0","https://github.com/sveltejs/svelte/releases/tag/v1.1.0","2024-03-15T12:00:00Z"
"sveltejs/svelte","https://github.com/sveltejs/svelte","main","v1.2.0","https://github.com/sveltejs/svelte/releases/tag/v1.2.0","2024-04-15T12:00:00Z"
"sveltejs/svelte","https://github.com/sveltejs/svelte","main","v1.3.0","https://github.com/sveltejs/svelte/releases/tag/v1.3.0","2024-05-15T12:00:00Z"
"sveltejs/svelte","https://github.com/sveltejs/svelte","main","v1.4.0","https://github.com/sveltejs/svelte/releases/tag/v1.4.0","2024-06-15T12:00:00Z"
"sveltejs/svelte","https://github.com/sveltejs/svelte","main","v1.5.0","https://github.com/sveltejs/svelte/releases/tag/v1.5.0","2024-07-15T12:00:00Z"
"angular/angular","https://github.com/angular/angular","main","v1.1.0","https://github.com/angular/angular/releases/tag/v1.1.0","2024-03-15T12:00:00Z"
"angular/angular","https://github.com/angular/angular","main","v1.2.0","https://github.com/angular/angular/releases/tag/v1.2.0","2024-04-15T12:00:00Z"
"angular/angular","https://github.com/angular/angular","main","v1.3.0","https://github.com/angular/angular/releases/tag/v1.3.0","2024-05-15T12:00:00Z"
"angular/angular","https://github.com/angular/angular","main","v1.4.0","https://github.com/angular/angular/releases/tag/v1.4.0","2024-06-15T12:00:00Z"
"angular/angular","https://github.com/angular/angular","main","v1.5.0","https://github.com/angular/angular/releases/tag/v1.5.0","2024-07-15T12:00:00Z"
"kubernetes/kubernetes","https://github.com/kubernetes/kubernetes","master","v1.1.0","https://github.com/kubernetes/kubernetes/releases/tag/v1.1.0","2024-03-15T12:00:00Z"
"kubernetes/kubernetes","https://github.com/kubernetes/kubernetes","master","v1.2.0","https://github.com/kubernetes/kubernetes/releases/tag/v1.2.0","2024-04-15T12:00:00Z"
"kubernetes/kubernetes","https://github.com/kubernetes/kubernetes","master","v1.3.0","https://github.com/kubernetes/kubernetes/releases/tag/v1.3.0","2024-05-15T12:00:00Z"
"kubernetes/kubernetes","https://github.com/kubernetes/kubernetes","master","v1.4.0","https://github.com/kubernetes/kubernetes/releases/tag/v1.4.0","2024-06-15T12:00:00Z"
"kubernetes/kubernetes","https://github.com/kubernetes/kubernetes","master","v1.5.0","https://github.com/kubernetes/kubernetes/releases/tag/v1.5.0","2024-07-15T12:00:00Z"
"helm/helm","https://github.com/helm/helm","main","v1.1.0","https://github.com/helm/helm/releases/tag/v1.1.0","2024-03-15T12:00:00Z"
"helm/helm","https://github.com/helm/helm","main","v1.2.0","https://github.com/helm/helm/releases/tag/v1.2.0","2024-04-15T12:00:00Z"
"helm/helm","https://github.com/helm/helm","main","v1.3.0","https://github.com/helm/helm/releases/tag/v1.3.0","2024-05-15T12:00:00Z"
"helm/helm","https://github.com/helm/helm","main","v1.4.0","https://github.com/helm/helm/releases/tag/v1.4.0","2024-06-15T12:00:00Z"
"helm/helm","https://github.com/helm/helm","main","v1.5.0","https://github.com/helm/helm/releases/tag/v1.5.0","2024-07-15T12:00:00Z"
"moby/moby","https://github.com/moby/moby","master","v1.1.0","https://github.com/moby/moby/releases/tag/v1.1.0","2024-03-15T12:00:00Z"
"moby/moby","https://github.com/moby/moby","master","v1.2.0","https://github.com/moby/moby/releases/tag/v1.2.0","2024-04-15T12:00:00Z"
"moby/moby","https://github.com/moby/moby","master","v1.3.0","https://github.com/moby/moby/releases/tag/v1.3.0","2024-05-15T12:00:00Z"
"moby/moby","https://github.com/moby/moby","master","v1.4.0","https://github.com/moby/moby/releases/tag/v1.4.0","2024-06-15T12:00:00Z"
"moby/moby","https://github.com/moby/moby","master","v1.5.0","https://github.com/moby/moby/releases/tag/v1.5.0","2024-07-15T12:00:00Z"
"docker/compose","https://github.com/docker/compose","v2","v1.1.0","https://github.com/docker/compose/releases/tag/v1.1.0","2024-03-15T12:00:00Z"
"docker/compose","https://github.com/docker/compose","v2","v1.2.0","https://github.com/docker/compose/releases/tag/v1.2.0","2024-04-15T12:00:00Z"
"docker/compose","https://github.com/docker/compose","v2","v1.3.0","https://github.com/docker/compose/releases/tag/v1.3.0","2024-05-15T12:00:00Z"
"docker/compose","https://github.com/docker/compose","v2","v1.4.0","https://github.com/docker/compose/releases/tag/v1.4.0","2024-06-15T12:00:00Z"
"docker/compose","https://github.com/docker/compose","v2","v1.5.0","https://github.com/docker/compose/releases/tag/v1.5.0","2024-07-15T12:00:00Z"
"hashicorp/terraform","https://github.com/hashicorp/terraform","main","v1.1.0","https://github.com/hashicorp/terraform/releases/tag/v1.1.0","2024-03-15T12:00:00Z"
"hashicorp/terraform","https://github.com/hashicorp/terraform","main","v1.2.0","https://github.com/hashicorp/terraform/releases/tag/v1.2.0","2024-04-15T12:00:00Z"
"hashicorp/terraform","https://github.com/hashicorp/terraform","main","v1.3.0","https://github.com/hashicorp/terraform/releases/tag/v1.3.0","2024-05-15T12:00:00Z"
"hashicorp/terraform","https://github.com/hashicorp/terraform","main","v1.4.0","https://github.com/hashicorp/terraform/releases/tag/v1.4.0","2024-06-15T12:00:00Z"
"hashicorp/terraform","https://github.com/hashicorp/terraform","main","v1.5.0","https://github.com/hashicorp/terraform/releases/tag/v1.5.0","2024-07-15T12:00:00Z"
"ansible/ansible","https://github.com/ansible/ansible","devel","v1.1.0","https://github.com/ansible/ansible/releases/tag/v1.1.0","2024-03-15T12:00:00Z"
"ansible/ansible","https://github.com/ansible/ansible","devel","v1.2.0","https://github.com/ansible/ansible/releases/tag/v1.2.0","2024-04-15T12:00:00Z"
"ansible/ansible","https://github.com/ansible/ansible","devel","v1.3.0","https://github.com/ansible/ansible/releases/tag/v1.3.0","2024-05-15T12:00:00Z"
"ansible/ansible","https://github.com/ansible/ansible","devel","v1.4.0","https://github.com/ansible/ansible/releases/tag/v1.4.0","2024-06-15T12:00:00Z"
"ansible/ansible","https://github.com/ansible/ansible","devel","v1.5.0","https://github.com/ansible/ansible/releases/tag/v1.5.0","2024-07-15T12:00:00Z"
"prometheus/prometheus","https://github.com/prometheus/prometheus","main","v1.1.0","https://github.com/prometheus/prometheus/releases/tag/v1.1.0","2024-03-15T12:00:00Z"
"prometheus/prometheus","https://github.com/prometheus/prometheus","main","v1.2.0","https://github.com/prometheus/prometheus/releases/tag/v1.2.0","2024-04-15T12:00:00Z"
"prometheus/prometheus","https://github.com/prometheus/prometheus","main","v1.3.0","https://github.com/prometheus/prometheus/releases/tag/v1.3.0","2024-05-15T12:00:00Z"
"prometheus/prometheus","https://github.com/prometheus/prometheus","main","v1.4.0","https://github.com/prometheus/prometheus/releases/tag/v1.4.0","2024-06-15T12:00:00Z"
"prometheus/prometheus","https://github.com/prometheus/prometheus","main","v1.5.0","https://github.com/prometheus/prometheus/releases/tag/v1.5.0","2024-07-15T12:00:00Z"
"grafana/grafana","https://github.com/grafana/grafana","main","v1.1.0","https://github.com/grafana/grafana/releases/tag/v1.1.0","2024-03-15T12:00:00Z"
"grafana/grafana","https://github.com/grafana/grafana","main","v1.2.0","https://github.com/grafana/grafana/releases/tag/v1.2.0","2024-04-15T12:00:00Z"
"grafana/grafana","https://github.com/grafana/grafana","main","v1.3.0","https://github.com/grafana/grafana/releases/tag/v1.3.0","2024-05-15T12:00:00Z"
"grafana/grafana","https://github.com/grafana/grafana","main","v1.4.0","https://github.com/grafana/grafana/releases/tag/v1.4.0","2024-06-15T12:00:00Z"
"grafana/grafana","https://github.com/grafana/grafana","main","v1.5.0","https://github.com/grafana/grafana/releases/tag/v1.5.0","2024-07-15T12:00:00Z"
"apache/airflow","https://github.com/apache/airflow","main","v1.1.0","https://github.com/apache/airflow/releases/tag/v1.1.0","2024-03-15T12:00:00Z"
"apache/airflow","https://github.com/apache/airflow","main","v1.2.0","https://github.com/apache/airflow/releases/tag/v1.2.0","2024-04-15T12:00:00Z"
"apache/airflow","https://github.com/apache/airflow","main","v1.3.0","https://github.com/apache/airflow/releases/tag/v1.3.0","2024-05-15T12:00:00Z"
"apache/airflow","https://github.com/apache/airflow","main","v1.4.0","https://github.com/apache/airflow/releases/tag/v1.4.0","2024-06-15T12:00:00Z"
"apache/airflow","https://github.com/apache/airflow","main","v1.5.0","https://github.com/apache/airflow/releases/tag/v1.5.0","2024-07-15T12:00:00Z"
"apache/spark","https://github.com/apache/spark","master","v1.1.0","https://github.com/apache/spark/releases/tag/v1.1.0","2024-03-15T12:00:00Z"
"apache/spark","https://github.com/apache/spark","master","v1.2.0","https://github.com/apache/spark/releases/tag/v1.2.0","2024-04-15T12:00:00Z"
"apache/spark","https://github.com/apache/spark","master","v1.3.0","https://github.com/apache/spark/releases/tag/v1.3.0","2024-05-15T12:00:00Z"
"apache/spark","https://github.com/apache/spark","master","v1.4.0","https://github.com/apache/spark/releases/tag/v1.4.0","2024-06-15T12:00:00Z"
"apache/spark","https://github.com/apache/spark","master","v1.5.0","https://github.com/apache/spark/releases/tag/v1.5.0","2024-07-15T12:00:00Z"
"elastic/elasticsearch","https://github.com/elastic/elasticsearch","main","v1.1.0","https://github.com/elastic/elasticsearch/releases/tag/v1.1.0","2024-03-15T12:00:00Z"
"elastic/elasticsearch","https://github.com/elastic/elasticsearch","main","v1.2.0","https://github.com/elastic/elasticsearch/releases/tag/v1.2.0","2024-04-15T12:00:00Z"
"elastic/elasticsearch","https://github.com/elastic/elasticsearch","main","v1.3.0","https://github.com/elastic/elasticsearch/releases/tag/v1.3.0","2024-05-15T12:00:00Z"
"elastic/elasticsearch","https://github.com/elastic/elasticsearch","main","v1.4.0","https://github.com/elastic/elasticsearch/releases/tag/v1.4.0","2024-06-15T12:00:00Z"
"elastic/elasticsearch","https://github.com/elastic/elasticsearch","main","v1.5.0","https://github.com/elastic/elasticsearch/releases/tag/v1.5.0","2024-07-15T12:00:00Z"
"redis/redis","https://github.com/redis/redis","unstable","v1.1.0","https://github.com/redis/redis/releases/tag/v1.1.0","2024-03-15T12:00:00Z"
"redis/redis","https://github.com/redis/redis","unstable","v1.2.0","https://github.com/redis/redis/releases/tag/v1.2.0","2024-04-15T12:00:00Z"
"redis/redis","https://github.com/redis/redis","unstable","v1.3.0","https://github.com/redis/redis/releases/tag/v1.3.0","2024-05-15T12:00:00Z"
"redis/redis","https://github.com/redis/redis","unstable","v1.4.0","https://github.com/redis/redis/releases/tag/v1.4.0","2024-06-15T12:00:00Z"
"redis/redis","https://github.com/redis/redis","unstable","v1.5.0","https://github.com/redis/redis/releases/tag/v1.5.0","2024-07-15T12:00:00Z"
"valkey-io/valkey","https://github.com/valkey-io/valkey","unstable","v1.1.0","https://github.com/valkey-io/valkey/releases/tag/v1.1.0","2024-03-15T12:00:00Z"
"valkey-io/valkey","https://github.com/valkey-io/valkey","unstable","v1.2.0","https://github.com/valkey-io/valkey/releases/tag/v1.2.0","2024-04-15T12:00:00Z"
"valkey-io/valkey","https://github.com/valkey-io/valkey","unstable","v1.3.0","https://github.com/valkey-io/valkey/releases/tag/v1.3.0","2024-05-15T12:00:00Z"
"valkey-io/valkey","https://github.com/valkey-io/valkey","unstable","v1.4.0","https://github.com/valkey-io/valkey/releases/tag/v1.4.0","2024-06-15T12:00:00Z"
"valkey-io/valkey","https://github.com/valkey-io/valkey","unstable","v1.5.0","https://github.com/valkey-io/valkey/releases/tag/v1.5.0","2024-07-15T12:00:00Z"
"prisma/prisma","https://github.com/prisma/prisma","main","v1.1.0","https://github.com/prisma/prisma/releases/tag/v1.1.0","2024-03-15T12:00:00Z"
"prisma/prisma","https://github.com/prisma/prisma","main","v1.2.0","https://github.com/prisma/prisma/releases/tag/v1.2.0","2024-04-15T12:00:00Z"
"prisma/prisma","https://github.com/prisma/prisma","main","v1.3.0","https://github.com/prisma/prisma/releases/tag/v1.3.0","2024-05-15T12:00:00Z"
"prisma/prisma","https://github.com/prisma/prisma","main","v1.4.0","https://github.com/prisma/prisma/releases/tag/v1.4.0","2024-06-15T12:00:00Z"
"prisma/prisma","https://github.com/prisma/prisma","main","v1.5.0","https://github.com/prisma/prisma/releases/tag/v1.5.0","2024-07-15T12:00:00Z"
"typeorm/typeorm","https://github.com/typeorm/typeorm","master","v1.1.0","https://github.com/typeorm/typeorm/releases/tag/v1.1.0","2024-03-15T12:00:00Z"
"typeorm/typeorm","https://github.com/typeorm/typeorm","master","v1.2.0","https://github.com/typeorm/typeorm/releases/tag/v1.2.0","2024-04-15T12:00:00Z"
"typeorm/typeorm","https://github.com/typeorm/typeorm","master","v1.3.0","https://github.com/typeorm/typeorm/releases/tag/v1.3.0","2024-05-15T12:00:00Z"
"typeorm/typeorm","https://github.com/typeorm/typeorm","master","v1.4.0","https://github.com/typeorm/typeorm/releases/tag/v1.4.0","2024-06-15T12:00:00Z"
"typeorm/typeorm","https://github.com/typeorm/typeorm","master","v1.5.0","https://github.com/typeorm/typeorm/releases/tag/v1.5.0","2024-07-15T12:00:00Z"
"drizzle-team/drizzle-orm","https://github.com/drizzle-team/drizzle-orm","main","v1.1.0","https://github.com/drizzle-team/drizzle-orm/releases/tag/v1.1.0","2024-03-15T12:00:00Z"
"drizzle-team/drizzle-orm","https://github.com/drizzle-team/drizzle-orm","main","v1.2.0","https://github.com/drizzle-team/drizzle-orm/releases/tag/v1.2.0","2024-04-15T12:00:00Z"
"drizzle-team/drizzle-orm","https://github.com/drizzle-team/drizzle-orm","main","v1.3.0","https://github.com/drizzle-team/drizzle-orm/releases/tag/v1.3.0","2024-05-15T12:00:00Z"
"drizzle-team/drizzle-orm","https://github.com/drizzle-team/drizzle-orm","main","v1.4.0","https://github.com/drizzle-team/drizzle-orm/releases/tag/v1.4.0","2024-06-15T12:00:00Z"
"drizzle-team/drizzle-orm","https://github.com/drizzle-team/drizzle-orm","main","v1.5.0","https://github.com/drizzle-team/drizzle-orm/releases/tag/v1.5.0","2024-07-15T12:00:00Z"
"vitest-dev/vitest","https://github.com/vitest-dev/vitest","main","v1.1.0","https://github.com/vitest-dev/vitest/releases/tag/v1.1.0","2024-03-15T12:00:00Z"
"vitest-dev/vitest","https://github.com/vitest-dev/vitest","main","v1.2.0","https://github.com/vitest-dev/vitest/releases/tag/v1.2.0","2024-04-15T12:00:00Z"
"vitest-dev/vitest","https://github.com/vitest-dev/vitest","main","v1.3.0","https://github.com/vitest-dev/vitest/releases/tag/v1.3.0","2024-05-15T12:00:00Z"
"vitest-dev/vitest","https://github.com/vitest-dev/vitest","main","v1.4.0","https://github.com/vitest-dev/vitest/releases/tag/v1.4.0","2024-06-15T12:00:00Z"
"vitest-dev/vitest","https://github.com/vitest-dev/vitest","main","v1.5.0","https://github.com/vitest-dev/vitest/releases/tag/v1.5.0","2024-07-15T12:00:00Z"
"jestjs/jest","https://github.com/jestjs/jest","main","v1.1.0","https://github.com/jestjs/jest/releases/tag/v1.1.0","2024-03-15T12:00:00Z"
"jestjs/jest","https://github.com/jestjs/jest","main","v1.2.0","https://github.com/jestjs/jest/releases/tag/v1.2.0","2024-04-15T12:00:00Z"
"jestjs/jest","https://github.com/jestjs/jest","main","v1.3.0","https://github.com/jestjs/jest/releases/tag/v1.3.0","2024-05-15T12:00:00Z"
"jestjs/jest","https://github.com/jestjs/jest","main","v1.4.0","https://github.com/jestjs/jest/releases/tag/v1.4.0","2024-06-15T12:00:00Z"
"jestjs/jest","https://github.com/jestjs/jest","main","v1.5.0","https://github.com/jestjs/jest/releases/tag/v1.5.0","2024-07-15T12:00:00Z"
"cypress-io/cypress","https://github.com/cypress-io/cypress","develop","v1.1.0","https://github.com/cypress-io/cypress/releases/tag/v1.1.0","2024-03-15T12:00:00Z"
"cypress-io/cypress","https://github.com/cypress-io/cypress","develop","v1.2.0","https://github.com/cypress-io/cypress/releases/tag/v1.2.0","2024-04-15T12:00:00Z"
"cypress-io/cypress","https://github.com/cypress-io/cypress","develop","v1.3.0","https://github.com/cypress-io/cypress/releases/tag/v1.3.0","2024-05-15T12:00:00Z"
"cypress-io/cypress","https://github.com/cypress-io/cypress","develop","v1.4.0","https://github.com/cypress-io/cypress/releases/tag/v1.4.0","2024-06-15T12:00:00Z"
"cypress-io/cypress","https://github.com/cypress-io/cypress","develop","v1.5.0","https://github.com/cypress-io/cypress/releases/tag/v1.5.0","2024-07-15T12:00:00Z"
"microsoft/playwright","https://github.com/microsoft/playwright","main","v1.1.0","https://github.com/microsoft/playwright/releases/tag/v1.1.0","2024-03-15T12:00:00Z"
"microsoft/playwright","https://github.com/microsoft/playwright","main","v1.2.0","https://github.com/microsoft/playwright/releases/tag/v1.2.0","2024-04-15T12:00:00Z"
"microsoft/playwright","https://github.com/microsoft/playwright","main","v1.3.0","https://github.com/microsoft/playwright/releases/tag/v1.3.0","2024-05-15T12:00:00Z"
"microsoft/playwright","https://github.com/microsoft/playwright","main","v1.4.0","https://github.com/microsoft/playwright/releases/tag/v1.4.0","2024-06-15T12:00:00Z"
"microsoft/playwright","https://github.com/microsoft/playwright","main","v1.5.0","https://github.com/microsoft/playwright/releases/tag/v1.5.0","2024-07-15T12:00:00Z"