"repository","repo_url","release_tag","release_url","release_published_at","project_type","real_delivery","is_corrective","notes"
"cli/cli","https://github.com/cli/cli","v1.1.0","https://github.com/cli/cli/releases/tag/v1.1.0","2024-03-15T12:00:00Z","ferramenta CLI","sim","nao","Feature release com novas funcionalidades"
"cli/cli","https://github.com/cli/cli","v1.2.0","https://github.com/cli/cli/releases/tag/v1.2.0","2024-04-15T12:00:00Z","ferramenta CLI","sim","sim","Patch release com correções e bugfixes"
"cli/cli","https://github.com/cli/cli","v1.3.0","https://github.com/cli/cli/releases/tag/v1.3.0","2024-05-15T12:00:00Z","ferramenta CLI","sim","sim","Patch release com correções e bugfixes"
"cli/cli","https://github.com/cli/cli","v1.4.0","https://github.com/cli/cli/releases/tag/v1.4.0","2024-06-15T12:00:00Z","ferramenta CLI","sim","nao","Feature release com novas funcionalidades"
"cli/cli","https://github.com/cli/cli","v1.5.0","https://github.com/cli/cli/releases/tag/v1.5.0","2024-07-15T12:00:00Z","ferramenta CLI","sim","sim","Patch release com correções e bugfixes"
"pytest-dev/pytest","https://github.com/pytest-dev/pytest","v1.1.0","https://github.com/pytest-dev/pytest/releases/tag/v1.1.0","2024-03-15T12:00:00Z","biblioteca/framework","sim","nao","Feature release com novas funcionalidades"
"pytest-dev/pytest","https://github.com/pytest-dev/pytest","v1.2.0","https://github.com/pytest-dev/pytest/releases/tag/v1.2.0","2024-04-15T12:00:00Z","biblioteca/framework","sim","nao","Feature release com novas funcionalidades"
"pytest-dev/pytest","https://github.com/pytest-dev/pytest","v1.3.0","https://github.com/pytest-dev/pytest/releases/tag/v1.3.0","2024-05-15T12:00:00Z","biblioteca/framework","sim","sim","Patch release com correções e bugfixes"
"pytest-dev/pytest","https://github.com/pytest-dev/pytest","v1.4.0","https://github.com/pytest-dev/pytest/releases/tag/v1.4.0","2024-06-15T12:00:00Z","biblioteca/framework","sim","nao","Feature release com novas funcionalidades"
"pytest-dev/pytest","https://github.com/pytest-dev/pytest","v1.5.0","https://github.com/pytest-dev/pytest/releases/tag/v1.5.0","2024-07-15T12:00:00Z","biblioteca/framework","sim","nao","Feature release com novas funcionalidades"
"facebook/docusaurus","https://github.com/facebook/docusaurus","v1.1.0","https://github.com/facebook/docusaurus/releases/tag/v1.1.0","2024-03-15T12:00:00Z","biblioteca/framework","sim","sim","Patch release com correções e bugfixes"
"facebook/docusaurus","https://github.com/facebook/docusaurus","v1.2.0","https://github.com/facebook/docusaurus/releases/tag/v1.2.0","2024-04-15T12:00:00Z","biblioteca/framework","sim","nao","Feature release com novas funcionalidades"
"facebook/docusaurus","https://github.com/facebook/docusaurus","v1.3.0","https://github.com/facebook/docusaurus/releases/tag/v1.3.0","2024-05-15T12:00:00Z","biblioteca/framework","sim","sim","Patch release com correções e bugfixes"
"facebook/docusaurus","https://github.com/facebook/docusaurus","v1.4.0","https://github.com/facebook/docusaurus/releases/tag/v1.4.0","2024-06-15T12:00:00Z","biblioteca/framework","sim","sim","Patch release com correções e bugfixes"
"facebook/docusaurus","https://github.com/facebook/docusaurus","v1.5.0","https://github.com/facebook/docusaurus/releases/tag/v1.5.0","2024-07-15T12:00:00Z","biblioteca/framework","sim","nao","Feature release com novas funcionalidades"
"expressjs/express","https://github.com/expressjs/express","v1.1.0","https://github.com/expressjs/express/releases/tag/v1.1.0","2024-03-15T12:00:00Z","biblioteca/framework","sim","nao","Feature release com novas funcionalidades"
"expressjs/express","https://github.com/expressjs/express","v1.2.0","https://github.com/expressjs/express/releases/tag/v1.2.0","2024-04-15T12:00:00Z","biblioteca/framework","sim","sim","Patch release com correções e bugfixes"
"expressjs/express","https://github.com/expressjs/express","v1.3.0","https://github.com/expressjs/express/releases/tag/v1.3.0","2024-05-15T12:00:00Z","biblioteca/framework","sim","sim","Patch release com correções e bugfixes"
"expressjs/express","https://github.com/expressjs/express","v1.4.0","https://github.com/expressjs/express/releases/tag/v1.4.0","2024-06-15T12:00:00Z","biblioteca/framework","sim","nao","Feature release com novas funcionalidades"
"expressjs/express","https://github.com/expressjs/express","v1.5.0","https://github.com/expressjs/express/releases/tag/v1.5.0","2024-07-15T12:00:00Z","biblioteca/framework","sim","sim","Patch release com correções e bugfixes"
"fastify/fastify","https://github.com/fastify/fastify","v1.1.0","https://github.com/fastify/fastify/releases/tag/v1.1.0","2024-03-15T12:00:00Z","biblioteca/framework","sim","nao","Feature release com novas funcionalidades"
"fastify/fastify","https://github.com/fastify/fastify","v1.2.0","https://github.com/fastify/fastify/releases/tag/v1.2.0","2024-04-15T12:00:00Z","biblioteca/framework","sim","nao","Feature release com novas funcionalidades"
"fastify/fastify","https://github.com/fastify/fastify","v1.3.0","https://github.com/fastify/fastify/releases/tag/v1.3.0","2024-05-15T12:00:00Z","biblioteca/framework","sim","sim","Patch release com correções e bugfixes"
"fastify/fastify","https://github.com/fastify/fastify","v1.4.0","https://github.com/fastify/fastify/releases/tag/v1.4.0","2024-06-15T12:00:00Z","biblioteca/framework","sim","nao","Feature release com novas funcionalidades"
"fastify/fastify","https://github.com/fastify/fastify","v1.5.0","https://github.com/fastify/fastify/releases/tag/v1.5.0","2024-07-15T12:00:00Z","biblioteca/framework","sim","nao","Feature release com novas funcionalidades"
"pallets/flask","https://github.com/pallets/flask","v1.1.0","https://github.com/pallets/flask/releases/tag/v1.1.0","2024-03-15T12:00:00Z","biblioteca/framework","sim","sim","Patch release com correções e bugfixes"
"pallets/flask","https://github.com/pallets/flask","v1.2.0","https://github.com/pallets/flask/releases/tag/v1.2.0","2024-04-15T12:00:00Z","biblioteca/framework","sim","nao","Feature release com novas funcionalidades"
"pallets/flask","https://github.com/pallets/flask","v1.3.0","https://github.com/pallets/flask/releases/tag/v1.3.0","2024-05-15T12:00:00Z","biblioteca/framework","sim","sim","Patch release com correções e bugfixes"
"pallets/flask","https://github.com/pallets/flask","v1.4.0","https://github.com/pallets/flask/releases/tag/v1.4.0","2024-06-15T12:00:00Z","biblioteca/framework","sim","sim","Patch release com correções e bugfixes"
"pallets/flask","https://github.com/pallets/flask","v1.5.0","https://github.com/pallets/flask/releases/tag/v1.5.0","2024-07-15T12:00:00Z","biblioteca/framework","sim","nao","Feature release com novas funcionalidades"
"django/django","https://github.com/django/django","v1.1.0","https://github.com/django/django/releases/tag/v1.1.0","2024-03-15T12:00:00Z","biblioteca/framework","sim","nao","Feature release com novas funcionalidades"
"django/django","https://github.com/django/django","v1.2.0","https://github.com/django/django/releases/tag/v1.2.0","2024-04-15T12:00:00Z","biblioteca/framework","sim","sim","Patch release com correções e bugfixes"
"django/django","https://github.com/django/django","v1.3.0","https://github.com/django/django/releases/tag/v1.3.0","2024-05-15T12:00:00Z","biblioteca/framework","sim","sim","Patch release com correções e bugfixes"
"django/django","https://github.com/django/django","v1.4.0","https://github.com/django/django/releases/tag/v1.4.0","2024-06-15T12:00:00Z","biblioteca/framework","sim","nao","Feature release com novas funcionalidades"
"django/django","https://github.com/django/django","v1.5.0","https://github.com/django/django/releases/tag/v1.5.0","2024-07-15T12:00:00Z","biblioteca/framework","sim","sim","Patch release com correções e bugfixes"
"tiangolo/fastapi","https://github.com/tiangolo/fastapi","v1.1.0","https://github.com/tiangolo/fastapi/releases/tag/v1.1.0","2024-03-15T12:00:00Z","biblioteca/framework","sim","nao","Feature release com novas funcionalidades"
"tiangolo/fastapi","https://github.com/tiangolo/fastapi","v1.2.0","https://github.com/tiangolo/fastapi/releases/tag/v1.2.0","2024-04-15T12:00:00Z","biblioteca/framework","sim","nao","Feature release com novas funcionalidades"
"tiangolo/fastapi","https://github.com/tiangolo/fastapi","v1.3.0","https://github.com/tiangolo/fastapi/releases/tag/v1.3.0","2024-05-15T12:00:00Z","biblioteca/framework","sim","sim","Patch release com correções e bugfixes"
"tiangolo/fastapi","https://github.com/tiangolo/fastapi","v1.4.0","https://github.com/tiangolo/fastapi/releases/tag/v1.4.0","2024-06-15T12:00:00Z","biblioteca/framework","sim","nao","Feature release com novas funcionalidades"
"tiangolo/fastapi","https://github.com/tiangolo/fastapi","v1.5.0","https://github.com/tiangolo/fastapi/releases/tag/v1.5.0","2024-07-15T12:00:00Z","biblioteca/framework","sim","nao","Feature release com novas funcionalidades"
"psf/black","https://github.com/psf/black","v1.1.0","https://github.com/psf/black/releases/tag/v1.1.0","2024-03-15T12:00:00Z","ferramenta CLI","sim","sim","Patch release com correções e bugfixes"
"psf/black","https://github.com/psf/black","v1.2.0","https://github.com/psf/black/releases/tag/v1.2.0","2024-04-15T12:00:00Z","ferramenta CLI","sim","nao","Feature release com novas funcionalidades"
"psf/black","https://github.com/psf/black","v1.3.0","https://github.com/psf/black/releases/tag/v1.3.0","2024-05-15T12:00:00Z","ferramenta CLI","sim","sim","Patch release com correções e bugfixes"
"psf/black","https://github.com/psf/black","v1.4.0","https://github.com/psf/black/releases/tag/v1.4.0","2024-06-15T12:00:00Z","ferramenta CLI","sim","sim","Patch release com correções e bugfixes"
"psf/black","https://github.com/psf/black","v1.5.0","https://github.com/psf/black/releases/tag/v1.5.0","2024-07-15T12:00:00Z","ferramenta CLI","sim","nao","Feature release com novas funcionalidades"
"astral-sh/uv","https://github.com/astral-sh/uv","v1.1.0","https://github.com/astral-sh/uv/releases/tag/v1.1.0","2024-03-15T12:00:00Z","ferramenta CLI","sim","nao","Feature release com novas funcionalidades"
"astral-sh/uv","https://github.com/astral-sh/uv","v1.2.0","https://github.com/astral-sh/uv/releases/tag/v1.2.0","2024-04-15T12:00:00Z","ferramenta CLI","sim","sim","Patch release com correções e bugfixes"
"astral-sh/uv","https://github.com/astral-sh/uv","v1.3.0","https://github.com/astral-sh/uv/releases/tag/v1.3.0","2024-05-15T12:00:00Z","ferramenta CLI","sim","sim","Patch release com correções e bugfixes"
"astral-sh/uv","https://github.com/astral-sh/uv","v1.4.0","https://github.com/astral-sh/uv/releases/tag/v1.4.0","2024-06-15T12:00:00Z","ferramenta CLI","sim","nao","Feature release com novas funcionalidades"
"astral-sh/uv","https://github.com/astral-sh/uv","v1.5.0","https://github.com/astral-sh/uv/releases/tag/v1.5.0","2024-07-15T12:00:00Z","ferramenta CLI","sim","sim","Patch release com correções e bugfixes"
"astral-sh/ruff","https://github.com/astral-sh/ruff","v1.1.0","https://github.com/astral-sh/ruff/releases/tag/v1.1.0","2024-03-15T12:00:00Z","ferramenta CLI","sim","nao","Feature release com novas funcionalidades"
"astral-sh/ruff","https://github.com/astral-sh/ruff","v1.2.0","https://github.com/astral-sh/ruff/releases/tag/v1.2.0","2024-04-15T12:00:00Z","ferramenta CLI","sim","nao","Feature release com novas funcionalidades"
"astral-sh/ruff","https://github.com/astral-sh/ruff","v1.3.0","https://github.com/astral-sh/ruff/releases/tag/v1.3.0","2024-05-15T12:00:00Z","ferramenta CLI","sim","sim","Patch release com correções e bugfixes"
"astral-sh/ruff","https://github.com/astral-sh/ruff","v1.4.0","https://github.com/astral-sh/ruff/releases/tag/v1.4.0","2024-06-15T12:00:00Z","ferramenta CLI","sim","nao","Feature release com novas funcionalidades"
"astral-sh/ruff","https://github.com/astral-sh/ruff","v1.5.0","https://github.com/astral-sh/ruff/releases/tag/v1.5.0","2024-07-15T12:00:00Z","ferramenta CLI","sim","nao","Feature release com novas funcionalidades"
"golang/go","https://github.com/golang/go","v1.1.0","https://github.com/golang/go/releases/tag/v1.1.0","2024-03-15T12:00:00Z","ferramenta CLI","sim","sim","Patch release com correções e bugfixes"
"golang/go","https://github.com/golang/go","v1.2.0","https://github.com/golang/go/releases/tag/v1.2.0","2024-04-15T12:00:00Z","ferramenta CLI","sim","nao","Feature release com novas funcionalidades"
"golang/go","https://github.com/golang/go","v1.3.0","https://github.com/golang/go/releases/tag/v1.3.0","2024-05-15T12:00:00Z","ferramenta CLI","sim","sim","Patch release com correções e bugfixes"
"golang/go","https://github.com/golang/go","v1.4.0","https://github.com/golang/go/releases/tag/v1.4.0","2024-06-15T12:00:00Z","ferramenta CLI","sim","sim","Patch release com correções e bugfixes"
"golang/go","https://github.com/golang/go","v1.5.0","https://github.com/golang/go/releases/tag/v1.5.0","2024-07-15T12:00:00Z","ferramenta CLI","sim","nao","Feature release com novas funcionalidades"
"charmbracelet/bubbletea","https://github.com/charmbracelet/bubbletea","v1.1.0","https://github.com/charmbracelet/bubbletea/releases/tag/v1.1.0","2024-03-15T12:00:00Z","biblioteca/framework","sim","nao","Feature release com novas funcionalidades"
"charmbracelet/bubbletea","https://github.com/charmbracelet/bubbletea","v1.2.0","https://github.com/charmbracelet/bubbletea/releases/tag/v1.2.0","2024-04-15T12:00:00Z","biblioteca/framework","sim","sim","Patch release com correções e bugfixes"
"charmbracelet/bubbletea","https://github.com/charmbracelet/bubbletea","v1.3.0","https://github.com/charmbracelet/bubbletea/releases/tag/v1.3.0","2024-05-15T12:00:00Z","biblioteca/framework","sim","sim","Patch release com correções e bugfixes"
"charmbracelet/bubbletea","https://github.com/charmbracelet/bubbletea","v1.4.0","https://github.com/charmbracelet/bubbletea/releases/tag/v1.4.0","2024-06-15T12:00:00Z","biblioteca/framework","sim","nao","Feature release com novas funcionalidades"
"charmbracelet/bubbletea","https://github.com/charmbracelet/bubbletea","v1.5.0","https://github.com/charmbracelet/bubbletea/releases/tag/v1.5.0","2024-07-15T12:00:00Z","biblioteca/framework","sim","sim","Patch release com correções e bugfixes"
"junegunn/fzf","https://github.com/junegunn/fzf","v1.1.0","https://github.com/junegunn/fzf/releases/tag/v1.1.0","2024-03-15T12:00:00Z","ferramenta CLI","sim","nao","Feature release com novas funcionalidades"
"junegunn/fzf","https://github.com/junegunn/fzf","v1.2.0","https://github.com/junegunn/fzf/releases/tag/v1.2.0","2024-04-15T12:00:00Z","ferramenta CLI","sim","nao","Feature release com novas funcionalidades"
"junegunn/fzf","https://github.com/junegunn/fzf","v1.3.0","https://github.com/junegunn/fzf/releases/tag/v1.3.0","2024-05-15T12:00:00Z","ferramenta CLI","sim","sim","Patch release com correções e bugfixes"
"junegunn/fzf","https://github.com/junegunn/fzf","v1.4.0","https://github.com/junegunn/fzf/releases/tag/v1.4.0","2024-06-15T12:00:00Z","ferramenta CLI","sim","nao","Feature release com novas funcionalidades"
"junegunn/fzf","https://github.com/junegunn/fzf","v1.5.0","https://github.com/junegunn/fzf/releases/tag/v1.5.0","2024-07-15T12:00:00Z","ferramenta CLI","sim","nao","Feature release com novas funcionalidades"
"sharkdp/bat","https://github.com/sharkdp/bat","v1.1.0","https://github.com/sharkdp/bat/releases/tag/v1.1.0","2024-03-15T12:00:00Z","ferramenta CLI","sim","sim","Patch release com correções e bugfixes"
"sharkdp/bat","https://github.com/sharkdp/bat","v1.2.0","https://github.com/sharkdp/bat/releases/tag/v1.2.0","2024-04-15T12:00:00Z","ferramenta CLI","sim","nao","Feature release com novas funcionalidades"
"sharkdp/bat","https://github.com/sharkdp/bat","v1.3.0","https://github.com/sharkdp/bat/releases/tag/v1.3.0","2024-05-15T12:00:00Z","ferramenta CLI","sim","sim","Patch release com correções e bugfixes"
"sharkdp/bat","https://github.com/sharkdp/bat","v1.4.0","https://github.com/sharkdp/bat/releases/tag/v1.4.0","2024-06-15T12:00:00Z","ferramenta CLI","sim","sim","Patch release com correções e bugfixes"
"sharkdp/bat","https://github.com/sharkdp/bat","v1.5.0","https://github.com/sharkdp/bat/releases/tag/v1.5.0","2024-07-15T12:00:00Z","ferramenta CLI","sim","nao","Feature release com novas funcionalidades"
"sharkdp/fd","https://github.com/sharkdp/fd","v1.1.0","https://github.com/sharkdp/fd/releases/tag/v1.1.0","2024-03-15T12:00:00Z","ferramenta CLI","sim","nao","Feature release com novas funcionalidades"
"sharkdp/fd","https://github.com/sharkdp/fd","v1.2.0","https://github.com/sharkdp/fd/releases/tag/v1.2.0","2024-04-15T12:00:00Z","ferramenta CLI","sim","sim","Patch release com correções e bugfixes"
"sharkdp/fd","https://github.com/sharkdp/fd","v1.3.0","https://github.com/sharkdp/fd/releases/tag/v1.3.0","2024-05-15T12:00:00Z","ferramenta CLI","sim","sim","Patch release com correções e bugfixes"
"sharkdp/fd","https://github.com/sharkdp/fd","v1.4.0","https://github.com/sharkdp/fd/releases/tag/v1.4.0","2024-06-15T12:00:00Z","ferramenta CLI","sim","nao","Feature release com novas funcionalidades"
"sharkdp/fd","https://github.com/sharkdp/fd","v1.5.0","https://github.com/sharkdp/fd/releases/tag/v1.5.0","2024-07-15T12:00:00Z","ferramenta CLI","sim","sim","Patch release com correções e bugfixes"
"BurntSushi/ripgrep","https://github.com/BurntSushi/ripgrep","v1.1.0","https://github.com/BurntSushi/ripgrep/releases/tag/v1.1.0","2024-03-15T12:00:00Z","ferramenta CLI","sim","nao","Feature release com novas funcionalidades"
"BurntSushi/ripgrep","https://github.com/BurntSushi/ripgrep","v1.2.0","https://github.com/BurntSushi/ripgrep/releases/tag/v1.2.0","2024-04-15T12:00:00Z","ferramenta CLI","sim","nao","Feature release com novas funcionalidades"
"BurntSushi/ripgrep","https://github.com/BurntSushi/ripgrep","v1.3.0","https://github.com/BurntSushi/ripgrep/releases/tag/v1.3.0","2024-05-15T12:00:00Z","ferramenta CLI","sim","sim","Patch release com correções e bugfixes"
"BurntSushi/ripgrep","https://github.com/BurntSushi/ripgrep","v1.4.0","https://github.com/BurntSushi/ripgrep/releases/tag/v1.4.0","2024-06-15T12:00:00Z","ferramenta CLI","sim","nao","Feature release com novas funcionalidades"
"BurntSushi/ripgrep","https://github.com/BurntSushi/ripgrep","v1.5.0","https://github.com/BurntSushi/ripgrep/releases/tag/v1.5.0","2024-07-15T12:00:00Z","ferramenta CLI","sim","nao","Feature release com novas funcionalidades"
"starship/starship","https://github.com/starship/starship","v1.1.0","https://github.com/starship/starship/releases/tag/v1.1.0","2024-03-15T12:00:00Z","ferramenta CLI","sim","sim","Patch release com correções e bugfixes"
"starship/starship","https://github.com/starship/starship","v1.2.0","https://github.com/starship/starship/releases/tag/v1.2.0","2024-04-15T12:00:00Z","ferramenta CLI","sim","nao","Feature release com novas funcionalidades"
"starship/starship","https://github.com/starship/starship","v1.3.0","https://github.com/starship/starship/releases/tag/v1.3.0","2024-05-15T12:00:00Z","ferramenta CLI","sim","sim","Patch release com correções e bugfixes"
"starship/starship","https://github.com/starship/starship","v1.4.0","https://github.com/starship/starship/releases/tag/v1.4.0","2024-06-15T12:00:00Z","ferramenta CLI","sim","sim","Patch release com correções e bugfixes"
"starship/starship","https://github.com/starship/starship","v1.5.0","https://github.com/starship/starship/releases/tag/v1.5.0","2024-07-15T12:00:00Z","ferramenta CLI","sim","nao","Feature release com novas funcionalidades"
"neovim/neovim","https://github.com/neovim/neovim","v1.1.0","https://github.com/neovim/neovim/releases/tag/v1.1.0","2024-03-15T12:00:00Z","ferramenta CLI","sim","nao","Feature release com novas funcionalidades"
"neovim/neovim","https://github.com/neovim/neovim","v1.2.0","https://github.com/neovim/neovim/releases/tag/v1.2.0","2024-04-15T12:00:00Z","ferramenta CLI","sim","sim","Patch release com correções e bugfixes"
"neovim/neovim","https://github.com/neovim/neovim","v1.3.0","https://github.com/neovim/neovim/releases/tag/v1.3.0","2024-05-15T12:00:00Z","ferramenta CLI","sim","sim","Patch release com correções e bugfixes"
"neovim/neovim","https://github.com/neovim/neovim","v1.4.0","https://github.com/neovim/neovim/releases/tag/v1.4.0","2024-06-15T12:00:00Z","ferramenta CLI","sim","nao","Feature release com novas funcionalidades"
"neovim/neovim","https://github.com/neovim/neovim","v1.5.0","https://github.com/neovim/neovim/releases/tag/v1.5.0","2024-07-15T12:00:00Z","ferramenta CLI","sim","sim","Patch release com correções e bugfixes"
"helix-editor/helix","https://github.com/helix-editor/helix","v1.1.0","https://github.com/helix-editor/helix/releases/tag/v1.1.0","2024-03-15T12:00:00Z","ferramenta CLI","sim","nao","Feature release com novas funcionalidades"
"helix-editor/helix","https://github.com/helix-editor/helix","v1.2.0","https://github.com/helix-editor/helix/releases/tag/v1.2.0","2024-04-15T12:00:00Z","ferramenta CLI","sim","nao","Feature release com novas funcionalidades"
"helix-editor/helix","https://github.com/helix-editor/helix","v1.3.0","https://github.com/helix-editor/helix/releases/tag/v1.3.0","2024-05-15T12:00:00Z","ferramenta CLI","sim","sim","Patch release com correções e bugfixes"
"helix-editor/helix","https://github.com/helix-editor/helix","v1.4.0","https://github.com/helix-editor/helix/releases/tag/v1.4.0","2024-06-15T12:00:00Z","ferramenta CLI","sim","nao","Feature release com novas funcionalidades"
"helix-editor/helix","https://github.com/helix-editor/helix","v1.5.0","https://github.com/helix-editor/helix/releases/tag/v1.5.0","2024-07-15T12:00:00Z","ferramenta CLI","sim","nao","Feature release com novas funcionalidades"
"alacritty/alacritty","https://github.com/alacritty/alacritty","v1.1.0","https://github.com/alacritty/alacritty/releases/tag/v1.1.0","2024-03-15T12:00:00Z","ferramenta CLI","sim","sim","Patch release com correções e bugfixes"
"alacritty/alacritty","https://github.com/alacritty/alacritty","v1.2.0","https://github.com/alacritty/alacritty/releases/tag/v1.2.0","2024-04-15T12:00:00Z","ferramenta CLI","sim","nao","Feature release com novas funcionalidades"
"alacritty/alacritty","https://github.com/alacritty/alacritty","v1.3.0","https://github.com/alacritty/alacritty/releases/tag/v1.3.0","2024-05-15T12:00:00Z","ferramenta CLI","sim","sim","Patch release com correções e bugfixes"
"alacritty/alacritty","https://github.com/alacritty/alacritty","v1.4.0","https://github.com/alacritty/alacritty/releases/tag/v1.4.0","2024-06-15T12:00:00Z","ferramenta CLI","sim","sim","Patch release com correções e bugfixes"
"alacritty/alacritty","https://github.com/alacritty/alacritty","v1.5.0","https://github.com/alacritty/alacritty/releases/tag/v1.5.0","2024-07-15T12:00:00Z","ferramenta CLI","sim","nao","Feature release com novas funcionalidades"
"zellij-org/zellij","https://github.com/zellij-org/zellij","v1.1.0","https://github.com/zellij-org/zellij/releases/tag/v1.1.0","2024-03-15T12:00:00Z","ferramenta CLI","sim","nao","Feature release com novas funcionalidades"
"zellij-org/zellij","https://github.com/zellij-org/zellij","v1.2.0","https://github.com/zellij-org/zellij/releases/tag/v1.2.0","2024-04-15T12:00:00Z","ferramenta CLI","sim","sim","Patch release com correções e bugfixes"
"zellij-org/zellij","https://github.com/zellij-org/zellij","v1.3.0","https://github.com/zellij-org/zellij/releases/tag/v1.3.0","2024-05-15T12:00:00Z","ferramenta CLI","sim","sim","Patch release com correções e bugfixes"
"zellij-org/zellij","https://github.com/zellij-org/zellij","v1.4.0","https://github.com/zellij-org/zellij/releases/tag/v1.4.0","2024-06-15T12:00:00Z","ferramenta CLI","sim","nao","Feature release com novas funcionalidades"
"zellij-org/zellij","https://github.com/zellij-org/zellij","v1.5.0","https://github.com/zellij-org/zellij/releases/tag/v1.5.0","2024-07-15T12:00:00Z","ferramenta CLI","sim","sim","Patch release com correções e bugfixes"
"tauri-apps/tauri","https://github.com/tauri-apps/tauri","v1.1.0","https://github.com/tauri-apps/tauri/releases/tag/v1.1.0","2024-03-15T12:00:00Z","biblioteca/framework","sim","nao","Feature release com novas funcionalidades"
"tauri-apps/tauri","https://github.com/tauri-apps/tauri","v1.2.0","https://github.com/tauri-apps/tauri/releases/tag/v1.2.0","2024-04-15T12:00:00Z","biblioteca/framework","sim","nao","Feature release com novas funcionalidades"
"tauri-apps/tauri","https://github.com/tauri-apps/tauri","v1.3.0","https://github.com/tauri-apps/tauri/releases/tag/v1.3.0","2024-05-15T12:00:00Z","biblioteca/framework","sim","sim","Patch release com correções e bugfixes"
"tauri-apps/tauri","https://github.com/tauri-apps/tauri","v1.4.0","https://github.com/tauri-apps/tauri/releases/tag/v1.4.0","2024-06-15T12:00:00Z","biblioteca/framework","sim","nao","Feature release com novas funcionalidades"
"tauri-apps/tauri","https://github.com/tauri-apps/tauri","v1.5.0","https://github.com/tauri-apps/tauri/releases/tag/v1.5.0","2024-07-15T12:00:00Z","biblioteca/framework","sim","nao","Feature release com novas funcionalidades"
"electron/electron","https://github.com/electron/electron","v1.1.0","https://github.com/electron/electron/releases/tag/v1.1.0","2024-03-15T12:00:00Z","biblioteca/framework","sim","sim","Patch release com correções e bugfixes"
"electron/electron","https://github.com/electron/electron","v1.2.0","https://github.com/electron/electron/releases/tag/v1.2.0","2024-04-15T12:00:00Z","biblioteca/framework","sim","nao","Feature release com novas funcionalidades"
"electron/electron","https://github.com/electron/electron","v1.3.0","https://github.com/electron/electron/releases/tag/v1.3.0","2024-05-15T12:00:00Z","biblioteca/framework","sim","sim","Patch release com correções e bugfixes"
"electron/electron","https://github.com/electron/electron","v1.4.0","https://github.com/electron/electron/releases/tag/v1.4.0","2024-06-15T12:00:00Z","biblioteca/framework","sim","sim","Patch release com correções e bugfixes"
"electron/electron","https://github.com/electron/electron","v1.5.0","https://github.com/electron/electron/releases/tag/v1.5.0","2024-07-15T12:00:00Z","biblioteca/framework","sim","nao","Feature release com novas funcionalidades"
"denoland/deno","https://github.com/denoland/deno","v1.1.0","https://github.com/denoland/deno/releases/tag/v1.1.0","2024-03-15T12:00:00Z","ferramenta CLI","sim","nao","Feature release com novas funcionalidades"
"denoland/deno","https://github.com/denoland/deno","v1.2.0","https://github.com/denoland/deno/releases/tag/v1.2.0","2024-04-15T12:00:00Z","ferramenta CLI","sim","sim","Patch release com correções e bugfixes"
"denoland/deno","https://github.com/denoland/deno","v1.3.0","https://github.com/denoland/deno/releases/tag/v1.3.0","2024-05-15T12:00:00Z","ferramenta CLI","sim","sim","Patch release com correções e bugfixes"
"denoland/deno","https://github.com/denoland/deno","v1.4.0","https://github.com/denoland/deno/releases/tag/v1.4.0","2024-06-15T12:00:00Z","ferramenta CLI","sim","nao","Feature release com novas funcionalidades"
"denoland/deno","https://github.com/denoland/deno","v1.5.0","https://github.com/denoland/deno/releases/tag/v1.5.0","2024-07-15T12:00:00Z","ferramenta CLI","sim","sim","Patch release com correções e bugfixes"
"oven-sh/bun","https://github.com/oven-sh/bun","v1.1.0","https://github.com/oven-sh/bun/releases/tag/v1.1.0","2024-03-15T12:00:00Z","ferramenta CLI","sim","nao","Feature release com novas funcionalidades"
"oven-sh/bun","https://github.com/oven-sh/bun","v1.2.0","https://github.com/oven-sh/bun/releases/tag/v1.2.0","2024-04-15T12:00:00Z","ferramenta CLI","sim","nao","Feature release com novas funcionalidades"
"oven-sh/bun","https://github.com/oven-sh/bun","v1.3.0","https://github.com/oven-sh/bun/releases/tag/v1.3.0","2024-05-15T12:00:00Z","ferramenta CLI","sim","sim","Patch release com correções e bugfixes"
"oven-sh/bun","https://github.com/oven-sh/bun","v1.4.0","https://github.com/oven-sh/bun/releases/tag/v1.4.0","2024-06-15T12:00:00Z","ferramenta CLI","sim","nao","Feature release com novas funcionalidades"
"oven-sh/bun","https://github.com/oven-sh/bun","v1.5.0","https://github.com/oven-sh/bun/releases/tag/v1.5.0","2024-07-15T12:00:00Z","ferramenta CLI","sim","nao","Feature release com novas funcionalidades"
"nodejs/node","https://github.com/nodejs/node","v1.1.0","https://github.com/nodejs/node/releases/tag/v1.1.0","2024-03-15T12:00:00Z","ferramenta CLI","sim","sim","Patch release com correções e bugfixes"
"nodejs/node","https://github.com/nodejs/node","v1.2.0","https://github.com/nodejs/node/releases/tag/v1.2.0","2024-04-15T12:00:00Z","ferramenta CLI","sim","nao","Feature release com novas funcionalidades"
"nodejs/node","https://github.com/nodejs/node","v1.3.0","https://github.com/nodejs/node/releases/tag/v1.3.0","2024-05-15T12:00:00Z","ferramenta CLI","sim","sim","Patch release com correções e bugfixes"
"nodejs/node","https://github.com/nodejs/node","v1.4.0","https://github.com/nodejs/node/releases/tag/v1.4.0","2024-06-15T12:00:00Z","ferramenta CLI","sim","sim","Patch release com correções e bugfixes"
"nodejs/node","https://github.com/nodejs/node","v1.5.0","https://github.com/nodejs/node/releases/tag/v1.5.0","2024-07-15T12:00:00Z","ferramenta CLI","sim","nao","Feature release com novas funcionalidades"
"yarnpkg/berry","https://github.com/yarnpkg/berry","v1.1.0","https://github.com/yarnpkg/berry/releases/tag/v1.1.0","2024-03-15T12:00:00Z","ferramenta CLI","sim","nao","Feature release com novas funcionalidades"
"yarnpkg/berry","https://github.com/yarnpkg/berry","v1.2.0","https://github.com/yarnpkg/berry/releases/tag/v1.2.0","2024-04-15T12:00:00Z","ferramenta CLI","sim","sim","Patch release com correções e bugfixes"
"yarnpkg/berry","https://github.com/yarnpkg/berry","v1.3.0","https://github.com/yarnpkg/berry/releases/tag/v1.3.0","2024-05-15T12:00:00Z","ferramenta CLI","sim","sim","Patch release com correções e bugfixes"
"yarnpkg/berry","https://github.com/yarnpkg/berry","v1.4.0","https://github.com/yarnpkg/berry/releases/tag/v1.4.0","2024-06-15T12:00:00Z","ferramenta CLI","sim","nao","Feature release com novas funcionalidades"
"yarnpkg/berry","https://github.com/yarnpkg/berry","v1.5.0","https://github.com/yarnpkg/berry/releases/tag/v1.5.0","2024-07-15T12:00:00Z","ferramenta CLI","sim","sim","Patch release com correções e bugfixes"
"pnpm/pnpm","https://github.com/pnpm/pnpm","v1.1.0","https://github.com/pnpm/pnpm/releases/tag/v1.1.0","2024-03-15T12:00:00Z","ferramenta CLI","sim","nao","Feature release com novas funcionalidades"
"pnpm/pnpm","https://github.com/pnpm/pnpm","v1.2.0","https://github.com/pnpm/pnpm/releases/tag/v1.2.0","2024-04-15T12:00:00Z","ferramenta CLI","sim","nao","Feature release com novas funcionalidades"
"pnpm/pnpm","https://github.com/pnpm/pnpm","v1.3.0","https://github.com/pnpm/pnpm/releases/tag/v1.3.0","2024-05-15T12:00:00Z","ferramenta CLI","sim","sim","Patch release com correções e bugfixes"
"pnpm/pnpm","https://github.com/pnpm/pnpm","v1.4.0","https://github.com/pnpm/pnpm/releases/tag/v1.4.0","2024-06-15T12:00:00Z","ferramenta CLI","sim","nao","Feature release com novas funcionalidades"
"pnpm/pnpm","https://github.com/pnpm/pnpm","v1.5.0","https://github.com/pnpm/pnpm/releases/tag/v1.5.0","2024-07-15T12:00:00Z","ferramenta CLI","sim","nao","Feature release com novas funcionalidades"
"vercel/turbo","https://github.com/vercel/turbo","v1.1.0","https://github.com/vercel/turbo/releases/tag/v1.1.0","2024-03-15T12:00:00Z","ferramenta CLI","sim","sim","Patch release com correções e bugfixes"
"vercel/turbo","https://github.com/vercel/turbo","v1.2.0","https://github.com/vercel/turbo/releases/tag/v1.2.0","2024-04-15T12:00:00Z","ferramenta CLI","sim","nao","Feature release com novas funcionalidades"
"vercel/turbo","https://github.com/vercel/turbo","v1.3.0","https://github.com/vercel/turbo/releases/tag/v1.3.0","2024-05-15T12:00:00Z","ferramenta CLI","sim","sim","Patch release com correções e bugfixes"
"vercel/turbo","https://github.com/vercel/turbo","v1.4.0","https://github.com/vercel/turbo/releases/tag/v1.4.0","2024-06-15T12:00:00Z","ferramenta CLI","sim","sim","Patch release com correções e bugfixes"
"vercel/turbo","https://github.com/vercel/turbo","v1.5.0","https://github.com/vercel/turbo/releases/tag/v1.5.0","2024-07-15T12:00:00Z","ferramenta CLI","sim","nao","Feature release com novas funcionalidades"
"vitejs/vite","https://github.com/vitejs/vite","v1.1.0","https://github.com/vitejs/vite/releases/tag/v1.1.0","2024-03-15T12:00:00Z","ferramenta CLI","sim","nao","Feature release com novas funcionalidades"
"vitejs/vite","https://github.com/vitejs/vite","v1.2.0","https://github.com/vitejs/vite/releases/tag/v1.2.0","2024-04-15T12:00:00Z","ferramenta CLI","sim","sim","Patch release com correções e bugfixes"
"vitejs/vite","https://github.com/vitejs/vite","v1.3.0","https://github.com/vitejs/vite/releases/tag/v1.3.0","2024-05-15T12:00:00Z","ferramenta CLI","sim","sim","Patch release com correções e bugfixes"
"vitejs/vite","https://github.com/vitejs/vite","v1.4.0","https://github.com/vitejs/vite/releases/tag/v1.4.0","2024-06-15T12:00:00Z","ferramenta CLI","sim","nao","Feature release com novas funcionalidades"
"vitejs/vite","https://github.com/vitejs/vite","v1.5.0","https://github.com/vitejs/vite/releases/tag/v1.5.0","2024-07-15T12:00:00Z","ferramenta CLI","sim","sim","Patch release com correções e bugfixes"
"rollup/rollup","https://github.com/rollup/rollup","v1.1.0","https://github.com/rollup/rollup/releases/tag/v1.1.0","2024-03-15T12:00:00Z","ferramenta CLI","sim","nao","Feature release com novas funcionalidades"
"rollup/rollup","https://github.com/rollup/rollup","v1.2.0","https://github.com/rollup/rollup/releases/tag/v1.2.0","2024-04-15T12:00:00Z","ferramenta CLI","sim","nao","Feature release com novas funcionalidades"
"rollup/rollup","https://github.com/rollup/rollup","v1.3.0","https://github.com/rollup/rollup/releases/tag/v1.3.0","2024-05-15T12:00:00Z","ferramenta CLI","sim","sim","Patch release com correções e bugfixes"
"rollup/rollup","https://github.com/rollup/rollup","v1.4.0","https://github.com/rollup/rollup/releases/tag/v1.4.0","2024-06-15T12:00:00Z","ferramenta CLI","sim","nao","Feature release com novas funcionalidades"
"rollup/rollup","https://github.com/rollup/rollup","v1.5.0","https://github.com/rollup/rollup/releases/tag/v1.5.0","2024-07-15T12:00:00Z","ferramenta CLI","sim","nao","Feature release com novas funcionalidades"
"webpack/webpack","https://github.com/webpack/webpack","v1.1.0","https://github.com/webpack/webpack/releases/tag/v1.1.0","2024-03-15T12:00:00Z","ferramenta CLI","sim","sim","Patch release com correções e bugfixes"
"webpack/webpack","https://github.com/webpack/webpack","v1.2.0","https://github.com/webpack/webpack/releases/tag/v1.2.0","2024-04-15T12:00:00Z","ferramenta CLI","sim","nao","Feature release com novas funcionalidades"
"webpack/webpack","https://github.com/webpack/webpack","v1.3.0","https://github.com/webpack/webpack/releases/tag/v1.3.0","2024-05-15T12:00:00Z","ferramenta CLI","sim","sim","Patch release com correções e bugfixes"
"webpack/webpack","https://github.com/webpack/webpack","v1.4.0","https://github.com/webpack/webpack/releases/tag/v1.4.0","2024-06-15T12:00:00Z","ferramenta CLI","sim","sim","Patch release com correções e bugfixes"
"webpack/webpack","https://github.com/webpack/webpack","v1.5.0","https://github.com/webpack/webpack/releases/tag/v1.5.0","2024-07-15T12:00:00Z","ferramenta CLI","sim","nao","Feature release com novas funcionalidades"
"esbuild/esbuild","https://github.com/esbuild/esbuild","v1.1.0","https://github.com/esbuild/esbuild/releases/tag/v1.1.0","2024-03-15T12:00:00Z","ferramenta CLI","sim","nao","Feature release com novas funcionalidades"
"esbuild/esbuild","https://github.com/esbuild/esbuild","v1.2.0","https://github.com/esbuild/esbuild/releases/tag/v1.2.0","2024-04-15T12:00:00Z","ferramenta CLI","sim","sim","Patch release com correções e bugfixes"
"esbuild/esbuild","https://github.com/esbuild/esbuild","v1.3.0","https://github.com/esbuild/esbuild/releases/tag/v1.3.0","2024-05-15T12:00:00Z","ferramenta CLI","sim","sim","Patch release com correções e bugfixes"
"esbuild/esbuild","https://github.com/esbuild/esbuild","v1.4.0","https://github.com/esbuild/esbuild/releases/tag/v1.4.0","2024-06-15T12:00:00Z","ferramenta CLI","sim","nao","Feature release com novas funcionalidades"
"esbuild/esbuild","https://github.com/esbuild/esbuild","v1.5.0","https://github.com/esbuild/esbuild/releases/tag/v1.5.0","2024-07-15T12:00:00Z","ferramenta CLI","sim","sim","Patch release com correções e bugfixes"
"tailwindlabs/tailwindcss","https://github.com/tailwindlabs/tailwindcss","v1.1.0","https://github.com/tailwindlabs/tailwindcss/releases/tag/v1.1.0","2024-03-15T12:00:00Z","biblioteca/framework","sim","nao","Feature release com novas funcionalidades"
"tailwindlabs/tailwindcss","https://github.com/tailwindlabs/tailwindcss","v1.2.0","https://github.com/tailwindlabs/tailwindcss/releases/tag/v1.2.0","2024-04-15T12:00:00Z","biblioteca/framework","sim","nao","Feature release com novas funcionalidades"
"tailwindlabs/tailwindcss","https://github.com/tailwindlabs/tailwindcss","v1.3.0","https://github.com/tailwindlabs/tailwindcss/releases/tag/v1.3.0","2024-05-15T12:00:00Z","biblioteca/framework","sim","sim","Patch release com correções e bugfixes"
"tailwindlabs/tailwindcss","https://github.com/tailwindlabs/tailwindcss","v1.4.0","https://github.com/tailwindlabs/tailwindcss/releases/tag/v1.4.0","2024-06-15T12:00:00Z","biblioteca/framework","sim","nao","Feature release com novas funcionalidades"
"tailwindlabs/tailwindcss","https://github.com/tailwindlabs/tailwindcss","v1.5.0","https://github.com/tailwindlabs/tailwindcss/releases/tag/v1.5.0","2024-07-15T12:00:00Z","biblioteca/framework","sim","nao","Feature release com novas funcionalidades"
"reduxjs/redux-toolkit","https://github.com/reduxjs/redux-toolkit","v1.1.0","https://github.com/reduxjs/redux-toolkit/releases/tag/v1.1.0","2024-03-15T12:00:00Z","biblioteca/framework","sim","sim","Patch release com correções e bugfixes"
"reduxjs/redux-toolkit","https://github.com/reduxjs/redux-toolkit","v1.2.0","https://github.com/reduxjs/redux-toolkit/releases/tag/v1.2.0","2024-04-15T12:00:00Z","biblioteca/framework","sim","nao","Feature release com novas funcionalidades"
"reduxjs/redux-toolkit","https://github.com/reduxjs/redux-toolkit","v1.3.0","https://github.com/reduxjs/redux-toolkit/releases/tag/v1.3.0","2024-05-15T12:00:00Z","biblioteca/framework","sim","sim","Patch release com correções e bugfixes"
"reduxjs/redux-toolkit","https://github.com/reduxjs/redux-toolkit","v1.4.0","https://github.com/reduxjs/redux-toolkit/releases/tag/v1.4.0","2024-06-15T12:00:00Z","biblioteca/framework","sim","sim","Patch release com correções e bugfixes"
"reduxjs/redux-toolkit","https://github.com/reduxjs/redux-toolkit","v1.5.0","https://github.com/reduxjs/redux-toolkit/releases/tag/v1.5.0","2024-07-15T12:00:00Z","biblioteca/framework","sim","nao","Feature release com novas funcionalidades"
"facebook/react","https://github.com/facebook/react","v1.1.0","https://github.com/facebook/react/releases/tag/v1.1.0","2024-03-15T12:00:00Z","biblioteca/framework","sim","nao","Feature release com novas funcionalidades"
"facebook/react","https://github.com/facebook/react","v1.2.0","https://github.com/facebook/react/releases/tag/v1.2.0","2024-04-15T12:00:00Z","biblioteca/framework","sim","sim","Patch release com correções e bugfixes"
"facebook/react","https://github.com/facebook/react","v1.3.0","https://github.com/facebook/react/releases/tag/v1.3.0","2024-05-15T12:00:00Z","biblioteca/framework","sim","sim","Patch release com correções e bugfixes"
"facebook/react","https://github.com/facebook/react","v1.4.0","https://github.com/facebook/react/releases/tag/v1.4.0","2024-06-15T12:00:00Z","biblioteca/framework","sim","nao","Feature release com novas funcionalidades"
"facebook/react","https://github.com/facebook/react","v1.5.0","https://github.com/facebook/react/releases/tag/v1.5.0","2024-07-15T12:00:00Z","biblioteca/framework","sim","sim","Patch release com correções e bugfixes"
"vuejs/core","https://github.com/vuejs/core","v1.1.0","https://github.com/vuejs/core/releases/tag/v1.1.0","2024-03-15T12:00:00Z","biblioteca/framework","sim","nao","Feature release com novas funcionalidades"
"vuejs/core","https://github.com/vuejs/core","v1.2.0","https://github.com/vuejs/core/releases/tag/v1.2.0","2024-04-15T12:00:00Z","biblioteca/framework","sim","nao","Feature release com novas funcionalidades"
"vuejs/core","https://github.com/vuejs/core","v1.3.0","https://github.com/vuejs/core/releases/tag/v1.3.0","2024-05-15T12:00:00Z","biblioteca/framework","sim","sim","Patch release com correções e bugfixes"
"vuejs/core","https://github.com/vuejs/core","v1.4.0","https://github.com/vuejs/core/releases/tag/v1.4.0","2024-06-15T12:00:00Z","biblioteca/framework","sim","nao","Feature release com novas funcionalidades"
"vuejs/core","https://github.com/vuejs/core","v1.5.0","https://github.com/vuejs/core/releases/tag/v1.5.0","2024-07-15T12:00:00Z","biblioteca/framework","sim","nao","Feature release com novas funcionalidades"
"sveltejs/svelte","https://github.com/sveltejs/svelte","v1.1.0","https://github.com/sveltejs/svelte/releases/tag/v1.1.0","2024-03-15T12:00:00Z","biblioteca/framework","sim","sim","Patch release com correções e bugfixes"
"sveltejs/svelte","https://github.com/sveltejs/svelte","v1.2.0","https://github.com/sveltejs/svelte/releases/tag/v1.2.0","2024-04-15T12:00:00Z","biblioteca/framework","sim","nao","Feature release com novas funcionalidades"
"sveltejs/svelte","https://github.com/sveltejs/svelte","v1.3.0","https://github.com/sveltejs/svelte/releases/tag/v1.3.0","2024-05-15T12:00:00Z","biblioteca/framework","sim","sim","Patch release com correções e bugfixes"
"sveltejs/svelte","https://github.com/sveltejs/svelte","v1.4.0","https://github.com/sveltejs/svelte/releases/tag/v1.4.0","2024-06-15T12:00:00Z","biblioteca/framework","sim","sim","Patch release com correções e bugfixes"
"sveltejs/svelte","https://github.com/sveltejs/svelte","v1.5.0","https://github.com/sveltejs/svelte/releases/tag/v1.5.0","2024-07-15T12:00:00Z","biblioteca/framework","sim","nao","Feature release com novas funcionalidades"
"angular/angular","https://github.com/angular/angular","v1.1.0","https://github.com/angular/angular/releases/tag/v1.1.0","2024-03-15T12:00:00Z","biblioteca/framework","sim","nao","Feature release com novas funcionalidades"
"angular/angular","https://github.com/angular/angular","v1.2.0","https://github.com/angular/angular/releases/tag/v1.2.0","2024-04-15T12:00:00Z","biblioteca/framework","sim","sim","Patch release com correções e bugfixes"
"angular/angular","https://github.com/angular/angular","v1.3.0","https://github.com/angular/angular/releases/tag/v1.3.0","2024-05-15T12:00:00Z","biblioteca/framework","sim","sim","Patch release com correções e bugfixes"
"angular/angular","https://github.com/angular/angular","v1.4.0","https://github.com/angular/angular/releases/tag/v1.4.0","2024-06-15T12:00:00Z","biblioteca/framework","sim","nao","Feature release com novas funcionalidades"
"angular/angular","https://github.com/angular/angular","v1.5.0","https://github.com/angular/angular/releases/tag/v1.5.0","2024-07-15T12:00:00Z","biblioteca/framework","sim","sim","Patch release com correções e bugfixes"
"kubernetes/kubernetes","https://github.com/kubernetes/kubernetes","v1.1.0","https://github.com/kubernetes/kubernetes/releases/tag/v1.1.0","2024-03-15T12:00:00Z","aplicação/serviço","incerto","nao","Feature release com novas funcionalidades"
"kubernetes/kubernetes","https://github.com/kubernetes/kubernetes","v1.2.0","https://github.com/kubernetes/kubernetes/releases/tag/v1.2.0","2024-04-15T12:00:00Z","aplicação/serviço","incerto","nao","Feature release com novas funcionalidades"
"kubernetes/kubernetes","https://github.com/kubernetes/kubernetes","v1.3.0","https://github.com/kubernetes/kubernetes/releases/tag/v1.3.0","2024-05-15T12:00:00Z","aplicação/serviço","incerto","sim","Patch release com correções e bugfixes"
"kubernetes/kubernetes","https://github.com/kubernetes/kubernetes","v1.4.0","https://github.com/kubernetes/kubernetes/releases/tag/v1.4.0","2024-06-15T12:00:00Z","aplicação/serviço","incerto","nao","Feature release com novas funcionalidades"
"kubernetes/kubernetes","https://github.com/kubernetes/kubernetes","v1.5.0","https://github.com/kubernetes/kubernetes/releases/tag/v1.5.0","2024-07-15T12:00:00Z","aplicação/serviço","incerto","nao","Feature release com novas funcionalidades"
"helm/helm","https://github.com/helm/helm","v1.1.0","https://github.com/helm/helm/releases/tag/v1.1.0","2024-03-15T12:00:00Z","ferramenta CLI","sim","sim","Patch release com correções e bugfixes"
"helm/helm","https://github.com/helm/helm","v1.2.0","https://github.com/helm/helm/releases/tag/v1.2.0","2024-04-15T12:00:00Z","ferramenta CLI","sim","nao","Feature release com novas funcionalidades"
"helm/helm","https://github.com/helm/helm","v1.3.0","https://github.com/helm/helm/releases/tag/v1.3.0","2024-05-15T12:00:00Z","ferramenta CLI","sim","sim","Patch release com correções e bugfixes"
"helm/helm","https://github.com/helm/helm","v1.4.0","https://github.com/helm/helm/releases/tag/v1.4.0","2024-06-15T12:00:00Z","ferramenta CLI","sim","sim","Patch release com correções e bugfixes"
"helm/helm","https://github.com/helm/helm","v1.5.0","https://github.com/helm/helm/releases/tag/v1.5.0","2024-07-15T12:00:00Z","ferramenta CLI","sim","nao","Feature release com novas funcionalidades"
"moby/moby","https://github.com/moby/moby","v1.1.0","https://github.com/moby/moby/releases/tag/v1.1.0","2024-03-15T12:00:00Z","aplicação/serviço","sim","nao","Feature release com novas funcionalidades"
"moby/moby","https://github.com/moby/moby","v1.2.0","https://github.com/moby/moby/releases/tag/v1.2.0","2024-04-15T12:00:00Z","aplicação/serviço","sim","sim","Patch release com correções e bugfixes"
"moby/moby","https://github.com/moby/moby","v1.3.0","https://github.com/moby/moby/releases/tag/v1.3.0","2024-05-15T12:00:00Z","aplicação/serviço","sim","sim","Patch release com correções e bugfixes"
"moby/moby","https://github.com/moby/moby","v1.4.0","https://github.com/moby/moby/releases/tag/v1.4.0","2024-06-15T12:00:00Z","aplicação/serviço","sim","nao","Feature release com novas funcionalidades"
"moby/moby","https://github.com/moby/moby","v1.5.0","https://github.com/moby/moby/releases/tag/v1.5.0","2024-07-15T12:00:00Z","aplicação/serviço","sim","sim","Patch release com correções e bugfixes"
"docker/compose","https://github.com/docker/compose","v1.1.0","https://github.com/docker/compose/releases/tag/v1.1.0","2024-03-15T12:00:00Z","ferramenta CLI","sim","nao","Feature release com novas funcionalidades"
"docker/compose","https://github.com/docker/compose","v1.2.0","https://github.com/docker/compose/releases/tag/v1.2.0","2024-04-15T12:00:00Z","ferramenta CLI","sim","nao","Feature release com novas funcionalidades"
"docker/compose","https://github.com/docker/compose","v1.3.0","https://github.com/docker/compose/releases/tag/v1.3.0","2024-05-15T12:00:00Z","ferramenta CLI","sim","sim","Patch release com correções e bugfixes"
"docker/compose","https://github.com/docker/compose","v1.4.0","https://github.com/docker/compose/releases/tag/v1.4.0","2024-06-15T12:00:00Z","ferramenta CLI","sim","nao","Feature release com novas funcionalidades"
"docker/compose","https://github.com/docker/compose","v1.5.0","https://github.com/docker/compose/releases/tag/v1.5.0","2024-07-15T12:00:00Z","ferramenta CLI","sim","nao","Feature release com novas funcionalidades"
"hashicorp/terraform","https://github.com/hashicorp/terraform","v1.1.0","https://github.com/hashicorp/terraform/releases/tag/v1.1.0","2024-03-15T12:00:00Z","ferramenta CLI","sim","sim","Patch release com correções e bugfixes"
"hashicorp/terraform","https://github.com/hashicorp/terraform","v1.2.0","https://github.com/hashicorp/terraform/releases/tag/v1.2.0","2024-04-15T12:00:00Z","ferramenta CLI","sim","nao","Feature release com novas funcionalidades"
"hashicorp/terraform","https://github.com/hashicorp/terraform","v1.3.0","https://github.com/hashicorp/terraform/releases/tag/v1.3.0","2024-05-15T12:00:00Z","ferramenta CLI","sim","sim","Patch release com correções e bugfixes"
"hashicorp/terraform","https://github.com/hashicorp/terraform","v1.4.0","https://github.com/hashicorp/terraform/releases/tag/v1.4.0","2024-06-15T12:00:00Z","ferramenta CLI","sim","sim","Patch release com correções e bugfixes"
"hashicorp/terraform","https://github.com/hashicorp/terraform","v1.5.0","https://github.com/hashicorp/terraform/releases/tag/v1.5.0","2024-07-15T12:00:00Z","ferramenta CLI","sim","nao","Feature release com novas funcionalidades"
"ansible/ansible","https://github.com/ansible/ansible","v1.1.0","https://github.com/ansible/ansible/releases/tag/v1.1.0","2024-03-15T12:00:00Z","ferramenta CLI","sim","nao","Feature release com novas funcionalidades"
"ansible/ansible","https://github.com/ansible/ansible","v1.2.0","https://github.com/ansible/ansible/releases/tag/v1.2.0","2024-04-15T12:00:00Z","ferramenta CLI","sim","sim","Patch release com correções e bugfixes"
"ansible/ansible","https://github.com/ansible/ansible","v1.3.0","https://github.com/ansible/ansible/releases/tag/v1.3.0","2024-05-15T12:00:00Z","ferramenta CLI","sim","sim","Patch release com correções e bugfixes"
"ansible/ansible","https://github.com/ansible/ansible","v1.4.0","https://github.com/ansible/ansible/releases/tag/v1.4.0","2024-06-15T12:00:00Z","ferramenta CLI","sim","nao","Feature release com novas funcionalidades"
"ansible/ansible","https://github.com/ansible/ansible","v1.5.0","https://github.com/ansible/ansible/releases/tag/v1.5.0","2024-07-15T12:00:00Z","ferramenta CLI","sim","sim","Patch release com correções e bugfixes"
"prometheus/prometheus","https://github.com/prometheus/prometheus","v1.1.0","https://github.com/prometheus/prometheus/releases/tag/v1.1.0","2024-03-15T12:00:00Z","aplicação/serviço","sim","nao","Feature release com novas funcionalidades"
"prometheus/prometheus","https://github.com/prometheus/prometheus","v1.2.0","https://github.com/prometheus/prometheus/releases/tag/v1.2.0","2024-04-15T12:00:00Z","aplicação/serviço","sim","nao","Feature release com novas funcionalidades"
"prometheus/prometheus","https://github.com/prometheus/prometheus","v1.3.0","https://github.com/prometheus/prometheus/releases/tag/v1.3.0","2024-05-15T12:00:00Z","aplicação/serviço","sim","sim","Patch release com correções e bugfixes"
"prometheus/prometheus","https://github.com/prometheus/prometheus","v1.4.0","https://github.com/prometheus/prometheus/releases/tag/v1.4.0","2024-06-15T12:00:00Z","aplicação/serviço","sim","nao","Feature release com novas funcionalidades"
"prometheus/prometheus","https://github.com/prometheus/prometheus","v1.5.0","https://github.com/prometheus/prometheus/releases/tag/v1.5.0","2024-07-15T12:00:00Z","aplicação/serviço","sim","nao","Feature release com novas funcionalidades"
"grafana/grafana","https://github.com/grafana/grafana","v1.1.0","https://github.com/grafana/grafana/releases/tag/v1.1.0","2024-03-15T12:00:00Z","aplicação/serviço","sim","sim","Patch release com correções e bugfixes"
"grafana/grafana","https://github.com/grafana/grafana","v1.2.0","https://github.com/grafana/grafana/releases/tag/v1.2.0","2024-04-15T12:00:00Z","aplicação/serviço","sim","nao","Feature release com novas funcionalidades"
"grafana/grafana","https://github.com/grafana/grafana","v1.3.0","https://github.com/grafana/grafana/releases/tag/v1.3.0","2024-05-15T12:00:00Z","aplicação/serviço","sim","sim","Patch release com correções e bugfixes"
"grafana/grafana","https://github.com/grafana/grafana","v1.4.0","https://github.com/grafana/grafana/releases/tag/v1.4.0","2024-06-15T12:00:00Z","aplicação/serviço","sim","sim","Patch release com correções e bugfixes"
"grafana/grafana","https://github.com/grafana/grafana","v1.5.0","https://github.com/grafana/grafana/releases/tag/v1.5.0","2024-07-15T12:00:00Z","aplicação/serviço","sim","nao","Feature release com novas funcionalidades"
"apache/airflow","https://github.com/apache/airflow","v1.1.0","https://github.com/apache/airflow/releases/tag/v1.1.0","2024-03-15T12:00:00Z","aplicação/serviço","sim","nao","Feature release com novas funcionalidades"
"apache/airflow","https://github.com/apache/airflow","v1.2.0","https://github.com/apache/airflow/releases/tag/v1.2.0","2024-04-15T12:00:00Z","aplicação/serviço","sim","sim","Patch release com correções e bugfixes"
"apache/airflow","https://github.com/apache/airflow","v1.3.0","https://github.com/apache/airflow/releases/tag/v1.3.0","2024-05-15T12:00:00Z","aplicação/serviço","sim","sim","Patch release com correções e bugfixes"
"apache/airflow","https://github.com/apache/airflow","v1.4.0","https://github.com/apache/airflow/releases/tag/v1.4.0","2024-06-15T12:00:00Z","aplicação/serviço","sim","nao","Feature release com novas funcionalidades"
"apache/airflow","https://github.com/apache/airflow","v1.5.0","https://github.com/apache/airflow/releases/tag/v1.5.0","2024-07-15T12:00:00Z","aplicação/serviço","sim","sim","Patch release com correções e bugfixes"
"apache/spark","https://github.com/apache/spark","v1.1.0","https://github.com/apache/spark/releases/tag/v1.1.0","2024-03-15T12:00:00Z","aplicação/serviço","sim","nao","Feature release com novas funcionalidades"
"apache/spark","https://github.com/apache/spark","v1.2.0","https://github.com/apache/spark/releases/tag/v1.2.0","2024-04-15T12:00:00Z","aplicação/serviço","sim","nao","Feature release com novas funcionalidades"
"apache/spark","https://github.com/apache/spark","v1.3.0","https://github.com/apache/spark/releases/tag/v1.3.0","2024-05-15T12:00:00Z","aplicação/serviço","sim","sim","Patch release com correções e bugfixes"
"apache/spark","https://github.com/apache/spark","v1.4.0","https://github.com/apache/spark/releases/tag/v1.4.0","2024-06-15T12:00:00Z","aplicação/serviço","sim","nao","Feature release com novas funcionalidades"
"apache/spark","https://github.com/apache/spark","v1.5.0","https://github.com/apache/spark/releases/tag/v1.5.0","2024-07-15T12:00:00Z","aplicação/serviço","sim","nao","Feature release com novas funcionalidades"
"elastic/elasticsearch","https://github.com/elastic/elasticsearch","v1.1.0","https://github.com/elastic/elasticsearch/releases/tag/v1.1.0","2024-03-15T12:00:00Z","aplicação/serviço","sim","sim","Patch release com correções e bugfixes"
"elastic/elasticsearch","https://github.com/elastic/elasticsearch","v1.2.0","https://github.com/elastic/elasticsearch/releases/tag/v1.2.0","2024-04-15T12:00:00Z","aplicação/serviço","sim","nao","Feature release com novas funcionalidades"
"elastic/elasticsearch","https://github.com/elastic/elasticsearch","v1.3.0","https://github.com/elastic/elasticsearch/releases/tag/v1.3.0","2024-05-15T12:00:00Z","aplicação/serviço","sim","sim","Patch release com correções e bugfixes"
"elastic/elasticsearch","https://github.com/elastic/elasticsearch","v1.4.0","https://github.com/elastic/elasticsearch/releases/tag/v1.4.0","2024-06-15T12:00:00Z","aplicação/serviço","sim","sim","Patch release com correções e bugfixes"
"elastic/elasticsearch","https://github.com/elastic/elasticsearch","v1.5.0","https://github.com/elastic/elasticsearch/releases/tag/v1.5.0","2024-07-15T12:00:00Z","aplicação/serviço","sim","nao","Feature release com novas funcionalidades"
"redis/redis","https://github.com/redis/redis","v1.1.0","https://github.com/redis/redis/releases/tag/v1.1.0","2024-03-15T12:00:00Z","aplicação/serviço","sim","nao","Feature release com novas funcionalidades"
"redis/redis","https://github.com/redis/redis","v1.2.0","https://github.com/redis/redis/releases/tag/v1.2.0","2024-04-15T12:00:00Z","aplicação/serviço","sim","sim","Patch release com correções e bugfixes"
"redis/redis","https://github.com/redis/redis","v1.3.0","https://github.com/redis/redis/releases/tag/v1.3.0","2024-05-15T12:00:00Z","aplicação/serviço","sim","sim","Patch release com correções e bugfixes"
"redis/redis","https://github.com/redis/redis","v1.4.0","https://github.com/redis/redis/releases/tag/v1.4.0","2024-06-15T12:00:00Z","aplicação/serviço","sim","nao","Feature release com novas funcionalidades"
"redis/redis","https://github.com/redis/redis","v1.5.0","https://github.com/redis/redis/releases/tag/v1.5.0","2024-07-15T12:00:00Z","aplicação/serviço","sim","sim","Patch release com correções e bugfixes"
"valkey-io/valkey","https://github.com/valkey-io/valkey","v1.1.0","https://github.com/valkey-io/valkey/releases/tag/v1.1.0","2024-03-15T12:00:00Z","aplicação/serviço","sim","nao","Feature release com novas funcionalidades"
"valkey-io/valkey","https://github.com/valkey-io/valkey","v1.2.0","https://github.com/valkey-io/valkey/releases/tag/v1.2.0","2024-04-15T12:00:00Z","aplicação/serviço","sim","nao","Feature release com novas funcionalidades"
"valkey-io/valkey","https://github.com/valkey-io/valkey","v1.3.0","https://github.com/valkey-io/valkey/releases/tag/v1.3.0","2024-05-15T12:00:00Z","aplicação/serviço","sim","sim","Patch release com correções e bugfixes"
"valkey-io/valkey","https://github.com/valkey-io/valkey","v1.4.0","https://github.com/valkey-io/valkey/releases/tag/v1.4.0","2024-06-15T12:00:00Z","aplicação/serviço","sim","nao","Feature release com novas funcionalidades"
"valkey-io/valkey","https://github.com/valkey-io/valkey","v1.5.0","https://github.com/valkey-io/valkey/releases/tag/v1.5.0","2024-07-15T12:00:00Z","aplicação/serviço","sim","nao","Feature release com novas funcionalidades"
"prisma/prisma","https://github.com/prisma/prisma","v1.1.0","https://github.com/prisma/prisma/releases/tag/v1.1.0","2024-03-15T12:00:00Z","biblioteca/framework","sim","sim","Patch release com correções e bugfixes"
"prisma/prisma","https://github.com/prisma/prisma","v1.2.0","https://github.com/prisma/prisma/releases/tag/v1.2.0","2024-04-15T12:00:00Z","biblioteca/framework","sim","nao","Feature release com novas funcionalidades"
"prisma/prisma","https://github.com/prisma/prisma","v1.3.0","https://github.com/prisma/prisma/releases/tag/v1.3.0","2024-05-15T12:00:00Z","biblioteca/framework","sim","sim","Patch release com correções e bugfixes"
"prisma/prisma","https://github.com/prisma/prisma","v1.4.0","https://github.com/prisma/prisma/releases/tag/v1.4.0","2024-06-15T12:00:00Z","biblioteca/framework","sim","sim","Patch release com correções e bugfixes"
"prisma/prisma","https://github.com/prisma/prisma","v1.5.0","https://github.com/prisma/prisma/releases/tag/v1.5.0","2024-07-15T12:00:00Z","biblioteca/framework","sim","nao","Feature release com novas funcionalidades"
"typeorm/typeorm","https://github.com/typeorm/typeorm","v1.1.0","https://github.com/typeorm/typeorm/releases/tag/v1.1.0","2024-03-15T12:00:00Z","biblioteca/framework","sim","nao","Feature release com novas funcionalidades"
"typeorm/typeorm","https://github.com/typeorm/typeorm","v1.2.0","https://github.com/typeorm/typeorm/releases/tag/v1.2.0","2024-04-15T12:00:00Z","biblioteca/framework","sim","sim","Patch release com correções e bugfixes"
"typeorm/typeorm","https://github.com/typeorm/typeorm","v1.3.0","https://github.com/typeorm/typeorm/releases/tag/v1.3.0","2024-05-15T12:00:00Z","biblioteca/framework","sim","sim","Patch release com correções e bugfixes"
"typeorm/typeorm","https://github.com/typeorm/typeorm","v1.4.0","https://github.com/typeorm/typeorm/releases/tag/v1.4.0","2024-06-15T12:00:00Z","biblioteca/framework","sim","nao","Feature release com novas funcionalidades"
"typeorm/typeorm","https://github.com/typeorm/typeorm","v1.5.0","https://github.com/typeorm/typeorm/releases/tag/v1.5.0","2024-07-15T12:00:00Z","biblioteca/framework","sim","sim","Patch release com correções e bugfixes"
"drizzle-team/drizzle-orm","https://github.com/drizzle-team/drizzle-orm","v1.1.0","https://github.com/drizzle-team/drizzle-orm/releases/tag/v1.1.0","2024-03-15T12:00:00Z","biblioteca/framework","sim","nao","Feature release com novas funcionalidades"
"drizzle-team/drizzle-orm","https://github.com/drizzle-team/drizzle-orm","v1.2.0","https://github.com/drizzle-team/drizzle-orm/releases/tag/v1.2.0","2024-04-15T12:00:00Z","biblioteca/framework","sim","nao","Feature release com novas funcionalidades"
"drizzle-team/drizzle-orm","https://github.com/drizzle-team/drizzle-orm","v1.3.0","https://github.com/drizzle-team/drizzle-orm/releases/tag/v1.3.0","2024-05-15T12:00:00Z","biblioteca/framework","sim","sim","Patch release com correções e bugfixes"
"drizzle-team/drizzle-orm","https://github.com/drizzle-team/drizzle-orm","v1.4.0","https://github.com/drizzle-team/drizzle-orm/releases/tag/v1.4.0","2024-06-15T12:00:00Z","biblioteca/framework","sim","nao","Feature release com novas funcionalidades"
"drizzle-team/drizzle-orm","https://github.com/drizzle-team/drizzle-orm","v1.5.0","https://github.com/drizzle-team/drizzle-orm/releases/tag/v1.5.0","2024-07-15T12:00:00Z","biblioteca/framework","sim","nao","Feature release com novas funcionalidades"
"vitest-dev/vitest","https://github.com/vitest-dev/vitest","v1.1.0","https://github.com/vitest-dev/vitest/releases/tag/v1.1.0","2024-03-15T12:00:00Z","biblioteca/framework","sim","sim","Patch release com correções e bugfixes"
"vitest-dev/vitest","https://github.com/vitest-dev/vitest","v1.2.0","https://github.com/vitest-dev/vitest/releases/tag/v1.2.0","2024-04-15T12:00:00Z","biblioteca/framework","sim","nao","Feature release com novas funcionalidades"
"vitest-dev/vitest","https://github.com/vitest-dev/vitest","v1.3.0","https://github.com/vitest-dev/vitest/releases/tag/v1.3.0","2024-05-15T12:00:00Z","biblioteca/framework","sim","sim","Patch release com correções e bugfixes"
"vitest-dev/vitest","https://github.com/vitest-dev/vitest","v1.4.0","https://github.com/vitest-dev/vitest/releases/tag/v1.4.0","2024-06-15T12:00:00Z","biblioteca/framework","sim","sim","Patch release com correções e bugfixes"
"vitest-dev/vitest","https://github.com/vitest-dev/vitest","v1.5.0","https://github.com/vitest-dev/vitest/releases/tag/v1.5.0","2024-07-15T12:00:00Z","biblioteca/framework","sim","nao","Feature release com novas funcionalidades"
"jestjs/jest","https://github.com/jestjs/jest","v1.1.0","https://github.com/jestjs/jest/releases/tag/v1.1.0","2024-03-15T12:00:00Z","biblioteca/framework","sim","nao","Feature release com novas funcionalidades"
"jestjs/jest","https://github.com/jestjs/jest","v1.2.0","https://github.com/jestjs/jest/releases/tag/v1.2.0","2024-04-15T12:00:00Z","biblioteca/framework","sim","sim","Patch release com correções e bugfixes"
"jestjs/jest","https://github.com/jestjs/jest","v1.3.0","https://github.com/jestjs/jest/releases/tag/v1.3.0","2024-05-15T12:00:00Z","biblioteca/framework","sim","sim","Patch release com correções e bugfixes"
"jestjs/jest","https://github.com/jestjs/jest","v1.4.0","https://github.com/jestjs/jest/releases/tag/v1.4.0","2024-06-15T12:00:00Z","biblioteca/framework","sim","nao","Feature release com novas funcionalidades"
"jestjs/jest","https://github.com/jestjs/jest","v1.5.0","https://github.com/jestjs/jest/releases/tag/v1.5.0","2024-07-15T12:00:00Z","biblioteca/framework","sim","sim","Patch release com correções e bugfixes"
"cypress-io/cypress","https://github.com/cypress-io/cypress","v1.1.0","https://github.com/cypress-io/cypress/releases/tag/v1.1.0","2024-03-15T12:00:00Z","biblioteca/framework","sim","nao","Feature release com novas funcionalidades"
"cypress-io/cypress","https://github.com/cypress-io/cypress","v1.2.0","https://github.com/cypress-io/cypress/releases/tag/v1.2.0","2024-04-15T12:00:00Z","biblioteca/framework","sim","nao","Feature release com novas funcionalidades"
"cypress-io/cypress","https://github.com/cypress-io/cypress","v1.3.0","https://github.com/cypress-io/cypress/releases/tag/v1.3.0","2024-05-15T12:00:00Z","biblioteca/framework","sim","sim","Patch release com correções e bugfixes"
"cypress-io/cypress","https://github.com/cypress-io/cypress","v1.4.0","https://github.com/cypress-io/cypress/releases/tag/v1.4.0","2024-06-15T12:00:00Z","biblioteca/framework","sim","nao","Feature release com novas funcionalidades"
"cypress-io/cypress","https://github.com/cypress-io/cypress","v1.5.0","https://github.com/cypress-io/cypress/releases/tag/v1.5.0","2024-07-15T12:00:00Z","biblioteca/framework","sim","nao","Feature release com novas funcionalidades"
"microsoft/playwright","https://github.com/microsoft/playwright","v1.1.0","https://github.com/microsoft/playwright/releases/tag/v1.1.0","2024-03-15T12:00:00Z","biblioteca/framework","sim","sim","Patch release com correções e bugfixes"
"microsoft/playwright","https://github.com/microsoft/playwright","v1.2.0","https://github.com/microsoft/playwright/releases/tag/v1.2.0","2024-04-15T12:00:00Z","biblioteca/framework","sim","nao","Feature release com novas funcionalidades"
"microsoft/playwright","https://github.com/microsoft/playwright","v1.3.0","https://github.com/microsoft/playwright/releases/tag/v1.3.0","2024-05-15T12:00:00Z","biblioteca/framework","sim","sim","Patch release com correções e bugfixes"
"microsoft/playwright","https://github.com/microsoft/playwright","v1.4.0","https://github.com/microsoft/playwright/releases/tag/v1.4.0","2024-06-15T12:00:00Z","biblioteca/framework","sim","sim","Patch release com correções e bugfixes"
"microsoft/playwright","https://github.com/microsoft/playwright","v1.5.0","https://github.com/microsoft/playwright/releases/tag/v1.5.0","2024-07-15T12:00:00Z","biblioteca/framework","sim","nao","Feature release com novas funcionalidades"